player,ld_team,fr_team,ht_fpts,hta_fpts,bbr_fpts,ht_frval19,hta_frval19,bbr_frval19,ht_ldval19,hta_ldval19,bbr_ldval19
Aaron Gordon,LAC,SAC,34.24999999999999,33.087,33.85,1.2791783380018672e-6,1.2791783380018672e-6,1.2791783380018672e-6,1.8686489804269245e-6,1.8686489804269245e-6,1.8686489804269245e-6
Aaron Holiday,DET,ORL,17.949999999999996,20.453,11.400000000000002,8.016255805644871e-6,8.016255805644871e-6,8.016255805644871e-6,8.016255805644871e-6,8.016255805644871e-6,8.016255805644871e-6
Abdel Nader,NA,UTA,7.250000000000001,10.785999999999998,7.700000000000001,1.3809523809523811e-5,1.3809523809523811e-5,1.3809523809523811e-5,NA,NA,NA
Al Horford,NA,NA,34.00000000000001,34.708999999999996,35.45000000000001,NA,NA,NA,NA,NA,NA
Al-Farouq Aminu,OKC,NA,21.05,22.254,25,NA,NA,NA,2.8639455782312927e-6,2.8639455782312927e-6,2.8639455782312927e-6
Alan Williams,ATL,NA,NA,NA,10.299999999999999,NA,NA,NA,NA,NA,NA
Alec Burks,NA,SAS,16.300000000000004,17.546,18.250000000000004,9.856386999244144e-6,9.856386999244144e-6,9.856386999244144e-6,NA,NA,NA
Alex Abrines,NA,NA,NA,NA,9.9,NA,NA,NA,NA,NA,NA
Alex Caruso,NA,NA,11.95,8.632,20.15,NA,NA,NA,NA,NA,NA
Alex Len,DEN,POR,29.999999999999993,19.915999999999993,22.6,6.402561024409763e-6,6.402561024409763e-6,6.402561024409763e-6,2.4737167594310445e-6,2.4737167594310445e-6,2.4737167594310445e-6
Alex Poythress,NA,NA,NA,NA,12.85,NA,NA,NA,NA,NA,NA
Alfonzo McKinnie,NA,NA,22.750000000000004,18.505,11.350000000000001,NA,NA,NA,NA,NA,NA
Alize Johnson,NA,NA,6.699999999999999,NA,3.5000000000000004,NA,NA,NA,NA,NA,NA
Allen Crabbe,NA,HOU,14.100000000000001,19.002,17.400000000000002,3.497132227561619e-6,3.497132227561619e-6,3.497132227561619e-6,NA,NA,NA
Allonzo Trier,SAC,IND,10.750000000000004,9.376000000000001,17.150000000000002,5.119047619047621e-6,5.119047619047621e-6,5.119047619047621e-6,2.0476190476190483e-5,2.0476190476190483e-5,2.0476190476190483e-5
Amile Jefferson,NA,NA,NA,NA,6.8999999999999995,NA,NA,NA,NA,NA,NA
Amir Johnson,NA,GSW,NA,NA,10.899999999999999,NA,NA,NA,NA,NA,NA
Andre Drummond,NOP,NYK,49.849999999999994,48.415000000000006,47.4,1.8399573705684109e-6,1.8399573705684109e-6,1.8399573705684109e-6,1.8399573705684109e-6,1.8399573705684109e-6,1.8399573705684109e-6
Andre Iguodala,LAL,ATL,16.999999999999996,16.291000000000004,20.650000000000002,3.854875283446711e-6,3.854875283446711e-6,3.854875283446711e-6,6.853111615016376e-6,6.853111615016376e-6,6.853111615016376e-6
Andre Ingram,NA,NA,NA,NA,0.7499999999999998,NA,NA,NA,NA,NA,NA
Andrew Bogut,NA,NA,NA,NA,14.500000000000002,NA,NA,NA,NA,NA,NA
Andrew Harrison,NA,NA,NA,NA,7.150000000000002,NA,NA,NA,NA,NA,NA
Andrew Wiggins,BOS,MIL,28.499999999999996,28.723,28.6,2.2619047619047617e-6,2.2619047619047617e-6,2.2619047619047617e-6,1.9784796945505032e-6,1.9784796945505032e-6,1.9784796945505032e-6
Anfernee Simons,DET,DAL,17.7,13.958999999999996,5.300000000000001,1.6857142857142858e-5,1.6857142857142858e-5,1.6857142857142858e-5,8.234243286998269e-6,8.234243286998269e-6,8.234243286998269e-6
Angel Delgado,NA,NA,NA,NA,4.75,NA,NA,NA,NA,NA,NA
Ante Zizic,CHI,BKN,19.8,18.881999999999998,17.250000000000004,8.677359978963976e-6,8.677359978963976e-6,8.677359978963976e-6,8.677359978963976e-6,8.677359978963976e-6,8.677359978963976e-6
Anthony Davis,DAL,BOS,56.49999999999999,55.365,56.15,2.085408052901007e-6,2.085408052901007e-6,2.085408052901007e-6,2.1849660798518087e-6,2.1849660798518087e-6,2.1849660798518087e-6
Anthony Tolliver,NA,NA,14.400000000000002,13.086000000000002,11.2,NA,NA,NA,NA,NA,NA
Antonio Blakeney,NA,LAL,9,6.260000000000001,10.049999999999999,1.6326530612244897e-5,1.6326530612244897e-5,1.6326530612244897e-5,NA,NA,NA
Aron Baynes,WAS,TOR,19,13.783999999999999,16.2,3.4467120181405894e-6,3.4467120181405894e-6,3.4467120181405894e-6,5.170068027210884e-6,5.170068027210884e-6,5.170068027210884e-6
Austin Rivers,MIN,POR,16.450000000000003,16.398,15.75,3.510737628384688e-6,3.510737628384688e-6,3.510737628384688e-6,3.133333333333334e-6,3.133333333333334e-6,3.133333333333334e-6
Avery Bradley,OKC,OKC,18.149999999999995,18.157999999999998,18.749999999999996,2.6593406593406588e-6,2.6593406593406588e-6,2.6593406593406588e-6,2.3047619047619043e-6,2.3047619047619043e-6,2.3047619047619043e-6
B.J. Johnson,NA,NA,NA,NA,5.450000000000001,NA,NA,NA,NA,NA,NA
Bam Adebayo,POR,BOS,37.85,30.263000000000005,25.95,1.0958055401148786e-5,1.0958055401148786e-5,1.0958055401148786e-5,1.0958055401148786e-5,1.0958055401148786e-5,1.0958055401148786e-5
Ben McLemore,NA,NA,NA,6.9319999999999995,6.350000000000001,NA,NA,NA,NA,NA,NA
Ben Simmons,PHX,PHI,47.05,47.528999999999996,43.79999999999999,5.798669695203187e-6,5.798669695203187e-6,5.798669695203187e-6,5.798669695203187e-6,5.798669695203187e-6,5.798669695203187e-6
Billy Garrett,NA,NA,NA,NA,10.3,NA,NA,NA,NA,NA,NA
Bismack Biyombo,NA,NA,15.800000000000004,17.088000000000005,13.900000000000002,NA,NA,NA,NA,NA,NA
Blake Griffin,ORL,NYK,42.5,42.497,42.45000000000001,1.7723564521594078e-6,1.7723564521594078e-6,1.7723564521594078e-6,1.971814649422954e-6,1.971814649422954e-6,1.971814649422954e-6
Boban Marjanovic,NYK,CHI,20.799999999999997,13.578999999999999,16.4,1.5847619047619046e-5,1.5847619047619046e-5,1.5847619047619046e-5,1.5847619047619046e-5,1.5847619047619046e-5,1.5847619047619046e-5
Bobby Portis,ATL,DAL,27.4,24.847999999999995,29.1,5.48e-6,5.48e-6,5.48e-6,1.8831615120274913e-6,1.8831615120274913e-6,1.8831615120274913e-6
Bogdan Bogdanovic,WAS,HOU,25.449999999999996,23.479999999999997,26.499999999999996,2.699242546935267e-6,2.699242546935267e-6,2.699242546935267e-6,2.8854875283446706e-6,2.8854875283446706e-6,2.8854875283446706e-6
Bojan Bogdanovic,NYK,ATL,24.799999999999997,24.318,26.8,2.8117913832199542e-6,2.8117913832199542e-6,2.8117913832199542e-6,2.8231222821756254e-6,2.8231222821756254e-6,2.8231222821756254e-6
Bonzie Colson,NA,NA,NA,NA,12.1,NA,NA,NA,NA,NA,NA
Brad Wanamaker,NA,NA,NA,5.427,8.999999999999998,NA,NA,NA,NA,NA,NA
Bradley Beal,GSW,WAS,45.9,41.96699999999999,43.7,1.6941633562505528e-6,1.6941633562505528e-6,1.6941633562505528e-6,NA,NA,NA
Brandon Goodwin,NA,NA,NA,NA,2.8500000000000005,NA,NA,NA,NA,NA,NA
Brandon Ingram,ATL,DEN,30.000000000000007,25.095,27.9,4.129111821165415e-6,4.129111821165415e-6,4.129111821165415e-6,4.129111821165415e-6,4.129111821165415e-6,4.129111821165415e-6
Brandon Knight,NA,NA,12.449999999999998,14.659,12.449999999999998,NA,NA,NA,NA,NA,NA
Brandon Sampson,NA,NA,NA,NA,8.9,NA,NA,NA,NA,NA,NA
Brook Lopez,CHA,LAC,28.749999999999996,27.416999999999998,27.899999999999995,1.95578231292517e-6,1.95578231292517e-6,1.95578231292517e-6,2.37740369985208e-6,2.37740369985208e-6,2.37740369985208e-6
Bruce Brown Jr.,SAS,BOS,22,14.918999999999995,11.5,2.619047619047619e-5,2.619047619047619e-5,2.619047619047619e-5,1.552738041799708e-5,1.552738041799708e-5,1.552738041799708e-5
Bruno Caboclo,POR,CHI,14.750000000000002,10.713999999999999,20.399999999999995,2.80952380952381e-5,2.80952380952381e-5,2.80952380952381e-5,1.404761904761905e-5,1.404761904761905e-5,1.404761904761905e-5
Bryn Forbes,MIA,MIA,15.100000000000003,10.193000000000001,20,7.190476190476192e-6,7.190476190476192e-6,7.190476190476192e-6,1.4380952380952384e-5,1.4380952380952384e-5,1.4380952380952384e-5
Buddy Hield,CHI,ORL,35.300000000000004,30.478000000000005,33.400000000000006,7.261569552259439e-6,7.261569552259439e-6,7.261569552259439e-6,7.261569552259439e-6,7.261569552259439e-6,7.261569552259439e-6
CJ Miles,NA,OKC,18.450000000000003,17.547,11.050000000000004,4.183673469387756e-6,4.183673469387756e-6,4.183673469387756e-6,NA,NA,NA
CJ Williams,NA,NA,NA,NA,5.45,NA,NA,NA,NA,NA,NA
Caleb Swanigan,TOR,SAS,8.65,NA,6.85,4.254461036022743e-6,4.254461036022743e-6,4.254461036022743e-6,4.254461036022743e-6,4.254461036022743e-6,4.254461036022743e-6
Cameron Payne,OKC,NA,NA,6.948999999999999,14.5,NA,NA,NA,NA,NA,NA
Cameron Reynolds,NA,NA,NA,NA,9.399999999999999,NA,NA,NA,NA,NA,NA
Caris LeVert,BOS,DEN,33.15,30.401000000000003,26.45,1.2625118158157121e-5,1.2625118158157121e-5,1.2625118158157121e-5,1.2625118158157121e-5,1.2625118158157121e-5,1.2625118158157121e-5
Carmelo Anthony,DET,GSW,NA,NA,22.7,NA,NA,NA,NA,NA,NA
Cedi Osman,WAS,NOP,25.499999999999996,21.34,24.299999999999997,8.79791803307534e-6,8.79791803307534e-6,8.79791803307534e-6,8.771498340466911e-6,8.771498340466911e-6,8.771498340466911e-6
Chandler Hutchison,TOR,UTA,10.799999999999999,9.969000000000003,12.95,1.0285714285714285e-5,1.0285714285714285e-5,1.0285714285714285e-5,4.630582424367153e-6,4.630582424367153e-6,4.630582424367153e-6
Chandler Parsons,NA,GSW,8,12.464,15.2,3.8095238095238094e-6,3.8095238095238094e-6,3.8095238095238094e-6,NA,NA,NA
Channing Frye,NA,NA,NA,NA,7.05,NA,NA,NA,NA,NA,NA
Chasson Randle,NA,NA,NA,NA,11.1,NA,NA,NA,NA,NA,NA
Cheick Diallo,TOR,SAC,14.649999999999999,9.019,16.099999999999998,5.86e-6,5.86e-6,5.86e-6,7.586000127382663e-6,7.586000127382663e-6,7.586000127382663e-6
Chimezie Metu,ATL,BOS,NA,NA,3.9500000000000006,NA,NA,NA,NA,NA,NA
Chris Boucher,IND,WAS,14.449999999999998,8.831,8.9,2.752380952380952e-5,2.752380952380952e-5,2.752380952380952e-5,6.88095238095238e-6,6.88095238095238e-6,6.88095238095238e-6
Chris Chiozza,NA,NA,NA,NA,3.1999999999999997,NA,NA,NA,NA,NA,NA
Chris Paul,LAL,BKN,37.15,42.56099999999999,40.3,9.91063091903428e-7,9.91063091903428e-7,9.91063091903428e-7,1.3478458049886621e-6,1.3478458049886621e-6,1.3478458049886621e-6
Christian Wood,ORL,NA,0,9.375,14.799999999999997,NA,NA,NA,0,0,0
CJ McCollum,WAS,DET,34.2,32.51799999999999,32.15,1.2410658229741533e-6,1.2410658229741533e-6,1.2410658229741533e-6,1.7106574912067455e-6,1.7106574912067455e-6,1.7106574912067455e-6
Clint Capela,UTA,PHI,37.7,40.169999999999995,41.3,1.7952380952380955e-6,1.7952380952380955e-6,1.7952380952380955e-6,2.5307869901706115e-6,2.5307869901706115e-6,2.5307869901706115e-6
Cody Zeller,DET,HOU,28.750000000000004,24.176000000000002,26.25,4.3809523809523815e-6,4.3809523809523815e-6,4.3809523809523815e-6,3.422619047619048e-6,3.422619047619048e-6,3.422619047619048e-6
Collin Sexton,SAS,HOU,28.05,26.102000000000007,23.4,5.886723078472852e-6,5.886723078472852e-6,5.886723078472852e-6,5.886723078472852e-6,5.886723078472852e-6,5.886723078472852e-6
Corey Brewer,NA,NA,NA,NA,12.85,NA,NA,NA,NA,NA,NA
Cory Joseph,NA,NOP,20.749999999999996,18.841,20.799999999999994,3.5930735930735925e-6,3.5930735930735925e-6,3.5930735930735925e-6,NA,NA,NA
Courtney Lee,NA,NA,12.5,8.904,9.3,NA,NA,NA,NA,NA,NA
Cristiano Fel√≠cio,NA,NA,NA,NA,10.3,NA,NA,NA,NA,NA,NA
DJ Augustin,CLE,CHA,26.400000000000002,23.414,25.149999999999995,2.394557823129252e-5,2.394557823129252e-5,2.394557823129252e-5,4.571428571428572e-6,4.571428571428572e-6,4.571428571428572e-6
DJ Stephens,NA,NA,NA,NA,3,NA,NA,NA,NA,NA,NA
DJ Wilson,SAC,POR,16.150000000000002,8.503,15.650000000000002,5.454017398822068e-6,5.454017398822068e-6,5.454017398822068e-6,5.454017398822068e-6,5.454017398822068e-6,5.454017398822068e-6
D'Angelo Russell,ORL,TOR,36.550000000000004,40.873000000000005,38.79999999999999,1.339563862928349e-6,1.339563862928349e-6,1.339563862928349e-6,1.8840206185567013e-6,1.8840206185567013e-6,1.8840206185567013e-6
Dairis Bertans,NA,NA,NA,NA,5.099999999999999,NA,NA,NA,NA,NA,NA
Damian Jones,TOR,WAS,11.25,7.726,15.200000000000003,1.0714285714285714e-5,1.0714285714285714e-5,1.0714285714285714e-5,4.880573452196627e-6,4.880573452196627e-6,4.880573452196627e-6
Damian Lillard,CLE,LAL,45.80000000000001,45.41700000000001,45.29999999999999,1.5367930571581997e-6,1.5367930571581997e-6,1.5367930571581997e-6,2.0220750551876385e-6,2.0220750551876385e-6,2.0220750551876385e-6
Damion Lee,NA,NA,NA,NA,9.300000000000002,NA,NA,NA,NA,NA,NA
Damyean Dotson,SAS,ORL,13.45,7.653999999999998,19.8,8.310061043422385e-6,8.310061043422385e-6,8.310061043422385e-6,8.310061043422385e-6,8.310061043422385e-6,8.310061043422385e-6
Daniel Hamilton,NA,NA,NA,NA,8.749999999999998,NA,NA,NA,NA,NA,NA
Daniel Theis,ATL,UTA,19.5,16.101000000000003,14.300000000000002,3.5374149659863946e-5,3.5374149659863946e-5,3.5374149659863946e-5,2.3582766439909296e-5,2.3582766439909296e-5,2.3582766439909296e-5
Danilo Gallinari,NA,BOS,33.300000000000004,32.087999999999994,33.85,2.5170068027210886e-6,2.5170068027210886e-6,2.5170068027210886e-6,NA,NA,NA
Danny Green,MIL,GSW,24.65,22.878999999999998,23.300000000000004,5.216931216931217e-6,5.216931216931217e-6,5.216931216931217e-6,9.937011841773747e-6,9.937011841773747e-6,9.937011841773747e-6
Dante Cunningham,NA,MIA,NA,NA,10.449999999999998,NA,NA,NA,NA,NA,NA
Dante Exum,NA,NA,16.950000000000003,13.959000000000001,12.85,NA,NA,NA,NA,NA,NA
Danuel House,NA,NA,17.45,17.423999999999996,17.799999999999997,NA,NA,NA,NA,NA,NA
Dario Saric,LAL,MIL,24.3,25.327,22.5,6.978775905474634e-6,6.978775905474634e-6,6.978775905474634e-6,1.5221987315010572e-6,1.5221987315010572e-6,1.5221987315010572e-6
Darius Miller,NA,MEM,NA,10.082000000000003,16.250000000000004,NA,NA,NA,NA,NA,NA
Darren Collison,NA,NA,NA,NA,28.55,NA,NA,NA,NA,NA,NA
Daryl Macon,NA,NA,NA,NA,6.549999999999999,NA,NA,NA,NA,NA,NA
David Nwaba,NA,ORL,14.45,7.798,14.399999999999999,9.174603174603174e-6,9.174603174603174e-6,9.174603174603174e-6,NA,NA,NA
Davis Bertans,MEM,IND,24.450000000000003,17.852000000000004,17.799999999999997,6.20952380952381e-6,6.20952380952381e-6,6.20952380952381e-6,7.761904761904762e-6,7.761904761904762e-6,7.761904761904762e-6
Davon Reed,WAS,NA,NA,NA,2.8000000000000003,NA,NA,NA,NA,NA,NA
De'Aaron Fox,NOP,ORL,40,38.457,36.40000000000001,6.25707831984933e-6,6.25707831984933e-6,6.25707831984933e-6,6.25707831984933e-6,6.25707831984933e-6,6.25707831984933e-6
De'Anthony Melton,SAC,CLE,17.15,12.248,17.8,1.2104298825847723e-5,1.2104298825847723e-5,1.2104298825847723e-5,1.2104298825847723e-5,1.2104298825847723e-5,1.2104298825847723e-5
Deandre Ayton,LAC,HOU,41,40.127,36.2,4.281966446093176e-6,4.281966446093176e-6,4.281966446093176e-6,4.28739339030338e-6,4.28739339030338e-6,4.28739339030338e-6
DeAndre Jordan,MIA,NA,31.800000000000004,31.698,36.650000000000006,NA,NA,NA,3.2181029829385898e-6,3.2181029829385898e-6,3.2181029829385898e-6
DeAndre' Bembry,GSW,UTA,18.65,19.128999999999998,21.100000000000005,7.162107879393943e-6,7.162107879393943e-6,7.162107879393943e-6,7.162107879393943e-6,7.162107879393943e-6,7.162107879393943e-6
Delon Wright,MEM,MIL,30.150000000000002,26.973,22.200000000000003,2.7409090909090913e-6,2.7409090909090913e-6,2.7409090909090913e-6,2.4120000000000004e-6,2.4120000000000004e-6,2.4120000000000004e-6
Delon Wright,MEM,UTA,30.150000000000002,26.973,22.200000000000003,NA,NA,NA,2.4120000000000004e-6,2.4120000000000004e-6,2.4120000000000004e-6
DeMar DeRozan,SAS,UTA,37.5,37.205000000000005,39.09999999999999,1.3518397186731424e-6,1.3518397186731424e-6,1.3518397186731424e-6,1.726062391401908e-6,1.726062391401908e-6,1.726062391401908e-6
DeMarcus Cousins,CHI,NA,19.099999999999998,NA,37.45,NA,NA,NA,6.508220461708833e-7,6.508220461708833e-7,6.508220461708833e-7
DeMarre Carroll,NA,CHA,15.100000000000001,20.728,20.499999999999996,3.652305366591081e-6,3.652305366591081e-6,3.652305366591081e-6,NA,NA,NA
Demetrius Jackson,NA,NA,NA,NA,6.449999999999999,NA,NA,NA,NA,NA,NA
Deng Adel,NA,IND,NA,NA,4,NA,NA,NA,NA,NA,NA
Dennis Schroder,DEN,GSW,24.999999999999996,28.863,26.65,1.6129032258064514e-6,1.6129032258064514e-6,1.6129032258064514e-6,1.6129032258064514e-6,1.6129032258064514e-6,1.6129032258064514e-6
Dennis Smith Jr.,POR,PHI,24.999999999999993,25.38,25.950000000000003,5.600810101173032e-6,5.600810101173032e-6,5.600810101173032e-6,5.600810101173032e-6,5.600810101173032e-6,5.600810101173032e-6
Deonte Burton,NA,NA,6.8000000000000025,7.592999999999999,4.949999999999999,NA,NA,NA,NA,NA,NA
Derrick Favors,NA,NA,36.45,29.06900000000001,28.199999999999996,NA,NA,NA,NA,NA,NA
Derrick Jones,NA,NA,NA,15.407000000000004,16.400000000000002,NA,NA,NA,NA,NA,NA
Derrick Rose,MIL,NYK,25.4,23.925,28.199999999999996,1.842916742245601e-5,1.842916742245601e-5,1.842916742245601e-5,1.382312925170068e-5,1.382312925170068e-5,1.382312925170068e-5
Derrick White,LAL,DAL,28.249999999999996,27.801,24.549999999999997,1.4501457845673687e-5,1.4501457845673687e-5,1.4501457845673687e-5,1.4501457845673687e-5,1.4501457845673687e-5,1.4501457845673687e-5
DeVaughn Akoon-Purcell,NA,NA,NA,NA,3.35,NA,NA,NA,NA,NA,NA
Devin Booker,PHX,HOU,40.449999999999996,40.45099999999999,41.20000000000001,1.4824995418728237e-6,1.4824995418728237e-6,1.4824995418728237e-6,1.968369829683698e-6,1.968369829683698e-6,1.968369829683698e-6
Devin Harris,NA,NA,NA,NA,12.3,NA,NA,NA,NA,NA,NA
Devin Robinson,NA,NA,NA,NA,15.099999999999998,NA,NA,NA,NA,NA,NA
Devonte' Graham,SAS,UTA,13.15,12.115000000000002,11.600000000000003,2.0873015873015872e-5,2.0873015873015872e-5,2.0873015873015872e-5,9.281138749848255e-6,9.281138749848255e-6,9.281138749848255e-6
Dewayne Dedmon,LAL,CHA,29.5,27.430000000000003,28.650000000000002,3.822481373501782e-6,3.822481373501782e-6,3.822481373501782e-6,2.2297808012093725e-6,2.2297808012093725e-6,2.2297808012093725e-6
Deyonta Davis,NA,NA,12.499999999999998,7.942,12.95,NA,NA,NA,NA,NA,NA
Dillon Brooks,SAS,CHA,20.65,14.975000000000001,11.250000000000002,1.2758569557373402e-5,1.2758569557373402e-5,1.2758569557373402e-5,1.2758569557373402e-5,1.2758569557373402e-5,1.2758569557373402e-5
Dion Waiters,CHA,UTA,24.249999999999996,22.197000000000003,21.3,2.443940539178634e-6,2.443940539178634e-6,2.443940539178634e-6,2.443940539178634e-6,2.443940539178634e-6,2.443940539178634e-6
Dirk Nowitzki,NA,NA,NA,NA,13.200000000000003,NA,NA,NA,NA,NA,NA
Domantas Sabonis,UTA,DEN,37.699999999999996,33.050999999999995,32.44999999999999,1.0681233186619841e-5,1.0681233186619841e-5,1.0681233186619841e-5,1.0681233186619841e-5,1.0681233186619841e-5,1.0681233186619841e-5
Donatas Motiejunas,NA,NA,NA,NA,3,NA,NA,NA,NA,NA,NA
Donovan Mitchell,MIA,SAC,37.150000000000006,38.312,36.2,1.0217946179065726e-5,1.0217946179065726e-5,1.0217946179065726e-5,1.0217946179065726e-5,1.0217946179065726e-5,1.0217946179065726e-5
Donte DiVincenzo,HOU,SAS,12.550000000000002,9.609000000000002,11.4,4.318948310276001e-6,4.318948310276001e-6,4.318948310276001e-6,4.318948310276001e-6,4.318948310276001e-6,4.318948310276001e-6
Donte Grantham,NA,NA,NA,NA,-0.35,NA,NA,NA,NA,NA,NA
Dorian Finney-Smith,NA,LAC,18.199999999999996,16.389999999999997,19.049999999999997,2.022222222222222e-6,2.022222222222222e-6,2.022222222222222e-6,NA,NA,NA
Doug McDermott,NA,SAS,12.25,10.325999999999999,11.15,3.3333333333333333e-6,3.3333333333333333e-6,3.3333333333333333e-6,NA,NA,NA
Dragan Bender,NA,NA,7.350000000000001,NA,13.85,NA,NA,NA,NA,NA,NA
Draymond Green,MIL,CHI,39.599999999999994,38.236000000000004,34.75,2.136022564165632e-6,2.136022564165632e-6,2.136022564165632e-6,NA,NA,NA
Drew Eubanks,NA,NA,NA,NA,4.949999999999999,NA,NA,NA,NA,NA,NA
Duncan Robinson,NA,NA,11.85,5.06,5.85,NA,NA,NA,NA,NA,NA
Dusty Hannahs,NA,NA,NA,NA,8.25,NA,NA,NA,NA,NA,NA
Dwayne Bacon,NOP,PHX,21.45,17.035,12.350000000000001,1.3252848281145738e-5,1.3252848281145738e-5,1.3252848281145738e-5,1.3252848281145738e-5,1.3252848281145738e-5,1.3252848281145738e-5
Dwight Howard,MEM,NA,NA,NA,26.549999999999997,NA,NA,NA,NA,NA,NA
Dwight Powell,MIL,SAS,24.700000000000003,25.753999999999998,23,6.89342403628118e-6,6.89342403628118e-6,6.89342403628118e-6,4.480725623582767e-5,4.480725623582767e-5,4.480725623582767e-5
Dwyane Wade,NA,NA,NA,NA,27.4,NA,NA,NA,NA,NA,NA
Dzanan Musa,LAC,CLE,7.300000000000001,5.360000000000001,2.6000000000000005,6.952380952380953e-6,6.952380952380953e-6,6.952380952380953e-6,3.818790541954384e-6,3.818790541954384e-6,3.818790541954384e-6
E'Twaun Moore,NA,NA,13.149999999999999,11.454000000000002,19.549999999999994,NA,NA,NA,NA,NA,NA
Ed Davis,NA,MIN,20.200000000000006,16.276,21.35,1.2214663643235076e-5,1.2214663643235076e-5,1.2214663643235076e-5,NA,NA,NA
Edmond Sumner,NA,DET,NA,NA,5.999999999999999,NA,NA,NA,NA,NA,NA
Ekpe Udoh,NA,DAL,NA,NA,7.4,NA,NA,NA,NA,NA,NA
Elfrid Payton,MIN,LAC,27.099999999999998,28.412,32.69999999999999,2.1507936507936507e-6,2.1507936507936507e-6,2.1507936507936507e-6,1.8435374149659862e-6,1.8435374149659862e-6,1.8435374149659862e-6
Elie Okobo,SAC,HOU,11.95,13.720000000000002,12.599999999999998,8.434190727048413e-6,8.434190727048413e-6,8.434190727048413e-6,8.434190727048413e-6,8.434190727048413e-6,8.434190727048413e-6
Emanuel Terry,NA,NA,NA,NA,9.35,NA,NA,NA,NA,NA,NA
Emmanuel Mudiay,NA,LAC,16.15,7.460000000000003,25.05,2.8043564592316893e-6,2.8043564592316893e-6,2.8043564592316893e-6,NA,NA,NA
Enes Kanter,PHI,ATL,31.149999999999995,34.74900000000001,31.35,3.139329805996472e-6,3.139329805996472e-6,3.139329805996472e-6,2.3398730594452446e-6,2.3398730594452446e-6,2.3398730594452446e-6
Eric Bledsoe,NA,NA,36.099999999999994,34.545,34.849999999999994,NA,NA,NA,NA,NA,NA
Eric Gordon,NA,UTA,23.85,22.864000000000004,23.349999999999998,1.6965754784022741e-6,1.6965754784022741e-6,1.6965754784022741e-6,NA,NA,NA
Eric Moreland,NA,NA,NA,NA,9.200000000000001,NA,NA,NA,NA,NA,NA
Ersan Ilyasova,NA,MEM,16.55,16.079,16.25,3.7528344671201818e-6,3.7528344671201818e-6,3.7528344671201818e-6,NA,NA,NA
Evan Fournier,NA,OKC,26.8,26.391000000000002,25.749999999999996,2.5523809523809525e-6,2.5523809523809525e-6,2.5523809523809525e-6,NA,NA,NA
Evan Turner,SAS,BOS,15.550000000000002,18.029,19.799999999999997,1.4809523809523812e-5,1.4809523809523812e-5,1.4809523809523812e-5,1.9746031746031748e-5,1.9746031746031748e-5,1.9746031746031748e-5
Frank Jackson,LAC,DAL,11.150000000000006,NA,12.55,6.889009712576925e-6,6.889009712576925e-6,6.889009712576925e-6,6.889009712576925e-6,6.889009712576925e-6,6.889009712576925e-6
Frank Kaminsky,NA,NA,15.15,11.081000000000001,16.1,NA,NA,NA,NA,NA,NA
Frank Mason,MIL,LAL,NA,0,10.399999999999999,NA,NA,NA,NA,NA,NA
Frank Ntilikina,UTA,ORL,10.55,9.482,14.049999999999999,2.172659499979406e-6,2.172659499979406e-6,2.172659499979406e-6,2.172659499979406e-6,2.172659499979406e-6,2.172659499979406e-6
Fred VanVleet,DAL,OKC,30.450000000000003,25.669,25.049999999999997,4.6400000000000005e-6,4.6400000000000005e-6,4.6400000000000005e-6,5.5238095238095244e-5,5.5238095238095244e-5,5.5238095238095244e-5
Furkan Korkmaz,NA,PHX,11.7,6.993000000000001,11.799999999999999,5.7545889157764265e-6,5.7545889157764265e-6,5.7545889157764265e-6,NA,NA,NA
Garrett Temple,DAL,NA,11.850000000000001,14.664,16.750000000000004,NA,NA,NA,2.2571428571428574e-5,2.2571428571428574e-5,2.2571428571428574e-5
Gary Clark,ORL,DEN,12.55,11.136000000000001,9.35,2.3904761904761907e-5,2.3904761904761907e-5,2.3904761904761907e-5,2.3904761904761907e-5,2.3904761904761907e-5,2.3904761904761907e-5
Gary Harris,BOS,NOP,27.35,26.308000000000003,21.550000000000004,1.555081734186212e-6,1.555081734186212e-6,1.555081734186212e-6,NA,NA,NA
Gary Payton,NA,NA,NA,NA,10.1,NA,NA,NA,NA,NA,NA
Gary Trent,HOU,DEN,4.2,NA,3.6500000000000004,4e-6,4e-6,4e-6,2.964318079799443e-6,2.964318079799443e-6,2.964318079799443e-6
George Hill,MIA,HOU,19.9,20.718999999999998,16.750000000000004,6.563595135023706e-6,6.563595135023706e-6,6.563595135023706e-6,3.7904761904761905e-5,3.7904761904761905e-5,3.7904761904761905e-5
George King,NA,NA,NA,NA,1.5,NA,NA,NA,NA,NA,NA
Georges Niang,LAC,LAL,11.249999999999998,12.913999999999998,7.699999999999999,2.1428571428571425e-5,2.1428571428571425e-5,2.1428571428571425e-5,2.1428571428571425e-5,2.1428571428571425e-5,2.1428571428571425e-5
Gerald Green,NYK,NA,17.849999999999998,16.569,15.249999999999998,NA,NA,NA,6.9597345241432594e-6,6.9597345241432594e-6,6.9597345241432594e-6
Giannis Antetokounmpo,DAL,LAL,60.35000000000001,60.108000000000004,57.099999999999994,2.3352825751894244e-6,2.3352825751894244e-6,2.3352825751894244e-6,2.3352825751894244e-6,2.3352825751894244e-6,2.3352825751894244e-6
Glenn Robinson III,NA,MEM,15.000000000000004,15.896,7.449999999999999,4.395604395604397e-6,4.395604395604397e-6,4.395604395604397e-6,NA,NA,NA
Goran Dragic,MIA,NA,28.3,28.395999999999997,26,NA,NA,NA,1.4973544973544973e-6,1.4973544973544973e-6,1.4973544973544973e-6
Gordon Hayward,MIN,UTA,31.899999999999995,28.578,25.25,1.112855398569684e-6,1.112855398569684e-6,1.112855398569684e-6,1.6717982312479527e-6,1.6717982312479527e-6,1.6717982312479527e-6
Gorgui Dieng,NYK,CHA,19.65,15.062,15.700000000000001,5.941043083900227e-6,5.941043083900227e-6,5.941043083900227e-6,5.346938775510204e-6,5.346938775510204e-6,5.346938775510204e-6
Grayson Allen,ATL,MIL,12.05,6.715999999999999,7,4.960072445871409e-6,4.960072445871409e-6,4.960072445871409e-6,4.960072445871409e-6,4.960072445871409e-6,4.960072445871409e-6
Greg Monroe,WAS,NA,NA,NA,12,NA,NA,NA,NA,NA,NA
Guerschon Yabusele,NA,NA,NA,NA,5.55,NA,NA,NA,NA,NA,NA
Hamidou Diallo,CLE,IND,13.700000000000003,8.892000000000001,7.249999999999999,1.6309523809523814e-5,1.6309523809523814e-5,1.6309523809523814e-5,9.669323260298184e-6,9.669323260298184e-6,9.669323260298184e-6
Harrison Barnes,WAS,BOS,25.849999999999998,26.011,25.2,2.7354497354497353e-6,2.7354497354497353e-6,2.7354497354497353e-6,2.043478260869565e-6,2.043478260869565e-6,2.043478260869565e-6
Harry Giles,MIL,HOU,21.25,13.612999999999998,15.1,8.24026679075539e-6,8.24026679075539e-6,8.24026679075539e-6,8.24026679075539e-6,8.24026679075539e-6,8.24026679075539e-6
Hassan Whiteside,POR,POR,37.15,36.042,33.85,1.3712019321287155e-6,1.3712019321287155e-6,1.3712019321287155e-6,1.3712019321287155e-6,1.3712019321287155e-6,1.3712019321287155e-6
Haywood Highsmith,NA,NA,NA,NA,3.5999999999999996,NA,NA,NA,NA,NA,NA
Henry Ellenson,NA,NA,NA,NA,12.9,NA,NA,NA,NA,NA,NA
Ian Clark,NA,BKN,NA,NA,11.649999999999999,NA,NA,NA,NA,NA,NA
Ian Mahinmi,NA,NA,11.1,17.833000000000002,12.949999999999998,NA,NA,NA,NA,NA,NA
Ike Anigbogu,NA,NA,NA,NA,2.2,NA,NA,NA,NA,NA,NA
Iman Shumpert,NA,MIN,NA,NA,17.5,NA,NA,NA,NA,NA,NA
Isaac Bonga,TOR,BOS,4.8500000000000005,10.236,4.4,5.773809523809524e-6,5.773809523809524e-6,5.773809523809524e-6,3.423081592149357e-6,3.423081592149357e-6,3.423081592149357e-6
Isaac Humphries,NA,NA,NA,NA,6.299999999999999,NA,NA,NA,NA,NA,NA
Isaiah Briscoe,NA,NA,NA,NA,9.950000000000001,NA,NA,NA,NA,NA,NA
Isaiah Canaan,NA,NA,NA,NA,14.05,NA,NA,NA,NA,NA,NA
Isaiah Hartenstein,POR,CHA,8.9,6.426,6.699999999999999,6.28153116909882e-6,6.28153116909882e-6,6.28153116909882e-6,6.28153116909882e-6,6.28153116909882e-6,6.28153116909882e-6
Isaiah Hicks,NA,NA,NA,NA,11.200000000000001,NA,NA,NA,NA,NA,NA
Isaiah Thomas,SAS,ATL,22.200000000000003,26.919999999999995,10.850000000000001,4.228571428571429e-6,4.228571428571429e-6,4.228571428571429e-6,9.568784040302685e-6,9.568784040302685e-6,9.568784040302685e-6
Ish Smith,PHX,NA,25.000000000000004,26.684999999999995,18.850000000000005,NA,NA,NA,9.523809523809525e-6,9.523809523809525e-6,9.523809523809525e-6
Ivan Rabb,SAC,DAL,12.550000000000002,NA,14.549999999999999,2.390476190476191e-5,2.390476190476191e-5,2.390476190476191e-5,7.753997479178511e-6,7.753997479178511e-6,7.753997479178511e-6
Ivica Zubac,SAS,OKC,27.349999999999998,28.573999999999998,20.95,2.2791666666666663e-6,2.2791666666666663e-6,2.2791666666666663e-6,1.8233333333333332e-6,1.8233333333333332e-6,1.8233333333333332e-6
JJ Barea,NA,NA,14.750000000000004,13.315,22.95,NA,NA,NA,NA,NA,NA
JJ Redick,CHA,OKC,23.65,23.041999999999998,26.600000000000005,5.3628117913832195e-6,5.3628117913832195e-6,5.3628117913832195e-6,2.6814058956916098e-6,2.6814058956916098e-6,2.6814058956916098e-6
J.P. Macura,NA,NA,NA,NA,5.75,NA,NA,NA,NA,NA,NA
J.R. Smith,NA,MEM,NA,NA,13.700000000000003,NA,NA,NA,NA,NA,NA
Jabari Parker,PHI,POR,21.5,27.888,27.4,1.3650793650793652e-6,1.3650793650793652e-6,1.3650793650793652e-6,1.7021276595744682e-6,1.7021276595744682e-6,1.7021276595744682e-6
Jacob Evans,TOR,MEM,16.4,10.781,4.05,1.7354497354497352e-5,1.7354497354497352e-5,1.7354497354497352e-5,8.515587679398508e-6,8.515587679398508e-6,8.515587679398508e-6
Jae Crowder,OKC,SAS,14.65,13.818999999999999,23.45,1.874472284871678e-6,1.874472284871678e-6,1.874472284871678e-6,2.7904761904761905e-6,2.7904761904761905e-6,2.7904761904761905e-6
Jahlil Okafor,NYK,NA,18.2,14.64,17.2,NA,NA,NA,3.4666666666666664e-6,3.4666666666666664e-6,3.4666666666666664e-6
JaKarr Sampson,NA,NA,NA,6.787,35.49999999999999,NA,NA,NA,NA,NA,NA
Jake Layman,NA,PHX,16.15,18.756999999999998,14.449999999999996,3.076190476190476e-5,3.076190476190476e-5,3.076190476190476e-5,NA,NA,NA
Jakob Poeltl,BOS,DAL,27.65,23.848000000000003,18.35,7.363738872498392e-6,7.363738872498392e-6,7.363738872498392e-6,7.363738872498392e-6,7.363738872498392e-6,7.363738872498392e-6
Jalen Brunson,CHI,IND,17.699999999999996,15.859000000000002,18.049999999999997,1.8730158730158725e-5,1.8730158730158725e-5,1.8730158730158725e-5,1.2492483336297648e-5,1.2492483336297648e-5,1.2492483336297648e-5
Jalen Jones,NA,NA,NA,NA,9.600000000000001,NA,NA,NA,NA,NA,NA
Jamal Crawford,NA,NA,NA,NA,16.099999999999998,NA,NA,NA,NA,NA,NA
Jamal Murray,DEN,PHI,35.00000000000001,32.129000000000005,32.949999999999996,7.874465717501069e-6,7.874465717501069e-6,7.874465717501069e-6,7.874465717501069e-6,7.874465717501069e-6,7.874465717501069e-6
James Ennis,NA,SAC,NA,14.552000000000001,14.549999999999999,NA,NA,NA,NA,NA,NA
James Harden,NOP,ORL,53.35000000000001,58.586999999999996,59.8,1.6313242135939427e-6,1.6313242135939427e-6,1.6313242135939427e-6,1.8112374809030728e-6,1.8112374809030728e-6,1.8112374809030728e-6
James Johnson,NA,NA,25.35,24.267000000000003,17.799999999999997,NA,NA,NA,NA,NA,NA
James Nunnally,NA,NA,NA,NA,3.75,NA,NA,NA,NA,NA,NA
JaMychal Green,OKC,SAS,24.25,20.009999999999998,21.750000000000004,2.5877017473656128e-6,2.5877017473656128e-6,2.5877017473656128e-6,1.7456718136990245e-6,1.7456718136990245e-6,1.7456718136990245e-6
Jared Dudley,ATL,NA,15.5,9.870000000000001,13.000000000000002,NA,NA,NA,1.8745275888133032e-5,1.8745275888133032e-5,1.8745275888133032e-5
Jared Terrell,NA,NA,NA,NA,4,NA,NA,NA,NA,NA,NA
Jarell Martin,NA,LAL,NA,NA,6.45,NA,NA,NA,NA,NA,NA
Jaren Jackson Jr.,CLE,MIL,33.5,34.049,25.3,4.835813311622697e-6,4.835813311622697e-6,4.835813311622697e-6,4.835813311622697e-6,4.835813311622697e-6,4.835813311622697e-6
Jaron Blossomgame,TOR,NA,NA,NA,11.55,NA,NA,NA,NA,NA,NA
Jarred Vanderbilt,HOU,SAC,NA,5.919999999999999,4.2,NA,NA,NA,NA,NA,NA
Jarrett Allen,ORL,WAS,27.35,28.691000000000006,28.85,1.1506874673936825e-5,1.1506874673936825e-5,1.1506874673936825e-5,1.1506874673936825e-5,1.1506874673936825e-5,1.1506874673936825e-5
Jason Smith,NA,NA,NA,NA,9.25,NA,NA,NA,NA,NA,NA
JaVale McGee,MIN,MIA,27.200000000000003,28.725,28.750000000000004,1.409782960803369e-5,1.409782960803369e-5,1.409782960803369e-5,1.6447467876039307e-5,1.6447467876039307e-5,1.6447467876039307e-5
Jawun Evans,NA,NA,NA,NA,5.199999999999999,NA,NA,NA,NA,NA,NA
Jaylen Adams,NA,NA,NA,NA,9.699999999999998,NA,NA,NA,NA,NA,NA
Jaylen Brown,UTA,CLE,26.05,26.921999999999997,22.200000000000003,3.986332312597621e-6,3.986332312597621e-6,3.986332312597621e-6,3.986332312597621e-6,3.986332312597621e-6,3.986332312597621e-6
Jaylen Morris,NA,NA,NA,NA,6.75,NA,NA,NA,NA,NA,NA
Jayson Tatum,LAC,PHX,32.50000000000001,32.882,30,4.150702426564497e-6,4.150702426564497e-6,4.150702426564497e-6,4.150702426564497e-6,4.150702426564497e-6,4.150702426564497e-6
Jeff Green,DAL,ATL,19.049999999999997,19.607,22.45,5.582417582417582e-6,5.582417582417582e-6,5.582417582417582e-6,1.814285714285714e-5,1.814285714285714e-5,1.814285714285714e-5
Jeff Teague,NA,MEM,32.2,30.908,30.900000000000006,1.5371762740183793e-6,1.5371762740183793e-6,1.5371762740183793e-6,NA,NA,NA
Jemerrio Jones,NA,NA,11.299999999999999,10.512999999999998,25.199999999999996,NA,NA,NA,NA,NA,NA
Jerami Grant,CHI,SAS,24.499999999999996,17.534999999999997,26.449999999999996,3.333333333333333e-6,3.333333333333333e-6,3.333333333333333e-6,8.888888888888888e-6,8.888888888888888e-6,8.888888888888888e-6
Jeremy Lamb,BKN,NA,28.6,28.871999999999996,28.750000000000004,NA,NA,NA,2.7238095238095238e-6,2.7238095238095238e-6,2.7238095238095238e-6
Jeremy Lin,NA,DET,NA,NA,18.1,NA,NA,NA,NA,NA,NA
Jerian Grant,NA,NA,NA,NA,12.35,NA,NA,NA,NA,NA,NA
Jerome Robinson,GSW,MIL,8.249999999999998,13.314,6.6,2.3094494272565414e-6,2.3094494272565414e-6,2.3094494272565414e-6,2.312401197403383e-6,2.312401197403383e-6,2.312401197403383e-6
Jerryd Bayless,NA,NA,NA,NA,14.949999999999998,NA,NA,NA,NA,NA,NA
Jevon Carter,ATL,SAS,6.5,8.332,11.599999999999998,4.587635123499137e-6,4.587635123499137e-6,4.587635123499137e-6,4.587635123499137e-6,4.587635123499137e-6,4.587635123499137e-6
Jimmer Fredette,NA,NA,NA,NA,6.9,NA,NA,NA,NA,NA,NA
Jimmy Butler,CHA,CHA,44.04999999999999,36.872,36.79999999999999,2.2200800367832735e-6,2.2200800367832735e-6,2.2200800367832735e-6,2.387533875338753e-6,2.387533875338753e-6,2.387533875338753e-6
Joakim Noah,NA,NA,NA,NA,20.399999999999995,NA,NA,NA,NA,NA,NA
Jodie Meeks,NA,NA,NA,NA,10.75,NA,NA,NA,NA,NA,NA
Joe Chealey,NA,NA,NA,NA,3,NA,NA,NA,NA,NA,NA
Joe Harris,DAL,NOP,24.95,22.796,24.249999999999993,5.9404761904761904e-6,5.9404761904761904e-6,5.9404761904761904e-6,7.920634920634921e-6,7.920634920634921e-6,7.920634920634921e-6
Joe Ingles,SAS,MIN,27.250000000000007,25.035,30.000000000000004,4.119425547996978e-6,4.119425547996978e-6,4.119425547996978e-6,2.7462836986646517e-6,2.7462836986646517e-6,2.7462836986646517e-6
Joel Embiid,NYK,IND,54.3,54.04100000000001,54.04999999999999,2.0280112044817926e-6,2.0280112044817926e-6,2.0280112044817926e-6,2.2907767758266096e-6,2.2907767758266096e-6,2.2907767758266096e-6
John Collins,MIA,DET,42,41.20499999999999,37.3,1.5633375022333393e-5,1.5633375022333393e-5,1.5633375022333393e-5,1.5633375022333393e-5,1.5633375022333393e-5,1.5633375022333393e-5
John Henson,MIL,MIL,9.199999999999998,11.591,17.200000000000003,2.3841917719468734e-6,2.3841917719468734e-6,2.3841917719468734e-6,7.947305906489578e-6,7.947305906489578e-6,7.947305906489578e-6
John Holland,NA,NA,NA,NA,0,NA,NA,NA,NA,NA,NA
John Jenkins,NA,NA,NA,NA,7.95,NA,NA,NA,NA,NA,NA
John Wall,BKN,DAL,NA,NA,41.2,NA,NA,NA,NA,NA,NA
Johnathan Motley,NA,DAL,NA,NA,8.049999999999999,NA,NA,NA,NA,NA,NA
Johnathan Williams,NA,NA,NA,NA,13.599999999999998,NA,NA,NA,NA,NA,NA
Jon Leuer,NA,NA,NA,NA,7.95,NA,NA,NA,NA,NA,NA
Jonah Bolden,IND,CLE,12.9,6.176,14.750000000000002,7.595160293208514e-6,7.595160293208514e-6,7.595160293208514e-6,7.595160293208514e-6,7.595160293208514e-6,7.595160293208514e-6
Jonas Jerebko,NA,NA,NA,NA,15.649999999999997,NA,NA,NA,NA,NA,NA
Jonas Valanciunas,UTA,DEN,35.15,35.616,31.399999999999995,1.9951211200286434e-6,1.9951211200286434e-6,1.9951211200286434e-6,1.9951211200286434e-6,1.9951211200286434e-6,1.9951211200286434e-6
Jonathan Isaac,IND,BOS,27.450000000000003,24.694000000000003,23.45,4.72750945501891e-6,4.72750945501891e-6,4.72750945501891e-6,4.72750945501891e-6,4.72750945501891e-6,4.72750945501891e-6
Jonathon Simmons,OKC,NA,NA,NA,13.749999999999998,NA,NA,NA,NA,NA,NA
Jordan Bell,LAC,CLE,18.7,15.757000000000001,11.25,9.35e-6,9.35e-6,9.35e-6,1.8699999999999999e-6,1.8699999999999999e-6,1.8699999999999999e-6
Jordan Clarkson,PHI,TOR,21.1,21.047,24.950000000000003,1.570232558139535e-6,1.570232558139535e-6,1.570232558139535e-6,2.870748299319728e-6,2.870748299319728e-6,2.870748299319728e-6
Jordan Loyd,NA,NA,12.049999999999997,NA,4.249999999999999,NA,NA,NA,NA,NA,NA
Jordan McRae,NA,NA,12.550000000000002,8.432,10.7,NA,NA,NA,NA,NA,NA
Jordan Sibert,NA,NA,NA,NA,4,NA,NA,NA,NA,NA,NA
Jose Calderon,NA,NA,NA,NA,8.650000000000002,NA,NA,NA,NA,NA,NA
Josh Hart,ORL,DEN,16.799999999999994,12.636,18.450000000000003,8.685941183769695e-6,8.685941183769695e-6,8.685941183769695e-6,8.685941183769695e-6,8.685941183769695e-6,8.685941183769695e-6
Josh Jackson,MIL,ORL,23.85,16.141000000000002,21.8,3.3784358054700913e-6,3.3784358054700913e-6,3.3784358054700913e-6,3.3784358054700913e-6,3.3784358054700913e-6,3.3784358054700913e-6
Josh Okogie,SAC,SAS,18.549999999999997,16.958000000000002,16.050000000000004,7.33004567942213e-6,7.33004567942213e-6,7.33004567942213e-6,7.33004567942213e-6,7.33004567942213e-6,7.33004567942213e-6
Josh Richardson,NYK,HOU,29.099999999999994,30.206999999999994,30.599999999999998,2.771428571428571e-6,2.771428571428571e-6,2.771428571428571e-6,1.5945205479452052e-6,1.5945205479452052e-6,1.5945205479452052e-6
Jrue Holiday,WAS,WAS,42.04999999999999,40.767,43.9,2.118921642731166e-6,2.118921642731166e-6,2.118921642731166e-6,2.0328064505275335e-6,2.0328064505275335e-6,2.0328064505275335e-6
Juan Hernangomez,ATL,PHI,12.049999999999999,11.858,14.15,3.6283923963348717e-6,3.6283923963348717e-6,3.6283923963348717e-6,3.6283923963348717e-6,3.6283923963348717e-6,3.6283923963348717e-6
Julian Washburn,NA,NA,NA,NA,8.3,NA,NA,NA,NA,NA,NA
Julius Randle,MIL,NOP,37.9,38.20099999999999,37.74999999999999,1.415499533146592e-6,1.415499533146592e-6,1.415499533146592e-6,1.6406926406926407e-6,1.6406926406926407e-6,1.6406926406926407e-6
Justin Anderson,GSW,NA,NA,NA,8.450000000000001,NA,NA,NA,NA,NA,NA
Justin Holiday,CHA,MIN,13.2,15.446999999999996,22.85,1.5963718820861676e-5,1.5963718820861676e-5,1.5963718820861676e-5,5.321239606953893e-6,5.321239606953893e-6,5.321239606953893e-6
Justin Jackson,WAS,NA,12.049999999999999,12.824999999999998,14.100000000000001,NA,NA,NA,3.672750326128037e-6,3.672750326128037e-6,3.672750326128037e-6
Justin Patton,MIL,NA,NA,0,7.6000000000000005,NA,NA,NA,NA,NA,NA
Justise Winslow,CHI,WAS,31.100000000000005,28.498999999999995,28.599999999999994,2.3923076923076927e-6,2.3923076923076927e-6,2.3923076923076927e-6,1.7041095890410962e-6,1.7041095890410962e-6,1.7041095890410962e-6
Jusuf Nurkic,CHI,NOP,28.95,24.526,38.949999999999996,2.2976190476190477e-6,2.2976190476190477e-6,2.2976190476190477e-6,1.5317460317460318e-6,1.5317460317460318e-6,1.5317460317460318e-6
Kadeem Allen,NYK,NA,NA,NA,21.549999999999997,NA,NA,NA,NA,NA,NA
Kalin Lucas,NA,NA,NA,NA,8,NA,NA,NA,NA,NA,NA
Karl-Anthony Towns,NOP,BKN,53.35,51.324999999999996,51.39999999999999,1.955286787612241e-6,1.955286787612241e-6,1.955286787612241e-6,1.955286787612241e-6,1.955286787612241e-6,1.955286787612241e-6
Kawhi Leonard,POR,POR,43.199999999999996,43.86500000000001,44.45,2.0253401938606875e-6,2.0253401938606875e-6,2.0253401938606875e-6,1.8866688503111692e-06,1.8866688503111692e-06,1.8866688503111692e-06
Keita Bates-Diop,MEM,CHI,7.349999999999999,5.742999999999999,11.5,5.187556639649024e-6,5.187556639649024e-6,5.187556639649024e-6,5.187556639649024e-6,5.187556639649024e-6,5.187556639649024e-6
Kelly Olynyk,MIL,MIN,25.999999999999996,27.871000000000002,21.799999999999997,1.6507936507936507e-5,1.6507936507936507e-5,1.6507936507936507e-5,3.9304610733182155e-6,3.9304610733182155e-6,3.9304610733182155e-6
Kelly Oubre Jr.,POR,ORL,29.600000000000005,21.900999999999996,26.299999999999997,4.228571428571429e-6,4.228571428571429e-6,4.228571428571429e-6,2.2543792840822547e-6,2.2543792840822547e-6,2.2543792840822547e-6
Kemba Walker,MIL,NA,41.5,40.34000000000001,42.2,NA,NA,NA,NA,NA,NA
Kenneth Faried,NA,NA,25.999999999999996,NA,22.3,NA,NA,NA,NA,NA,NA
Kenrich Williams,CHA,NYK,12.199999999999998,8.319999999999999,19.3,2.3238095238095232e-5,2.3238095238095232e-5,2.3238095238095232e-5,1.5492063492063488e-5,1.5492063492063488e-5,1.5492063492063488e-5
Kent Bazemore,LAC,MIA,26.200000000000003,18.219,22.899999999999988,2.2632545081524678e-6,2.2632545081524678e-6,2.2632545081524678e-6,2.772486772486773e-6,2.772486772486773e-6,2.772486772486773e-6
Kentavious Caldwell-Pope,MIA,DET,18.400000000000002,17.997,19.600000000000005,1.3907785336356767e-6,1.3907785336356767e-6,1.3907785336356767e-6,5.841269841269842e-6,5.841269841269842e-6,5.841269841269842e-6
Kevin Durant,BKN,DAL,NA,NA,45.800000000000004,NA,NA,NA,NA,NA,NA
Kevin Huerter,DET,CLE,26.75,25.146,21.400000000000002,1.0146873624956378e-5,1.0146873624956378e-5,1.0146873624956378e-5,1.0146873624956378e-5,1.0146873624956378e-5,1.0146873624956378e-5
Kevin Knox,HOU,ATL,22.249999999999996,19.501,19.95,5.079769504031852e-6,5.079769504031852e-6,5.079769504031852e-6,5.079769504031852e-6,5.079769504031852e-6,5.079769504031852e-6
Kevin Love,DET,MIA,35.65,38.693000000000005,35.8,1.3928120739030384e-6,1.3928120739030384e-6,1.3928120739030384e-6,1.9971988795518208e-6,1.9971988795518208e-6,1.9971988795518208e-6
Kevon Looney,NOP,MEM,31.799999999999997,26.369999999999997,19.650000000000002,4.892307692307692e-6,4.892307692307692e-6,4.892307692307692e-6,6.867508908325234e-6,6.867508908325234e-6,6.867508908325234e-6
Khem Birch,LAL,WAS,11.45,16.489,13.9,2.180952380952381e-5,2.180952380952381e-5,2.180952380952381e-5,2.180952380952381e-5,2.180952380952381e-5,2.180952380952381e-5
Khris Middleton,PHI,MIN,37.39999999999999,34.027,34.05,2.8769230769230764e-6,2.8769230769230764e-6,2.8769230769230764e-6,1.971144344159694e-6,1.971144344159694e-6,1.971144344159694e-6
Khyri Thomas,HOU,LAC,10.049999999999999,NA,4.599999999999999,9.57142857142857e-6,9.57142857142857e-6,9.57142857142857e-6,7.093189690948666e-6,7.093189690948666e-6,7.093189690948666e-6
Klay Thompson,NA,NA,28.799999999999997,24.368999999999996,33.150000000000006,NA,NA,NA,NA,NA,NA
Kobi Simmons,NA,NA,NA,NA,0,NA,NA,NA,NA,NA,NA
Kosta Koufos,NA,NA,NA,NA,12.45,NA,NA,NA,NA,NA,NA
Kostas Antetokounmpo,NA,NOP,NA,NA,2,NA,NA,NA,NA,NA,NA
Kris Dunn,UTA,OKC,22.649999999999995,24.634999999999998,29.600000000000012,4.235222579177626e-6,4.235222579177626e-6,4.235222579177626e-6,4.235222579177626e-6,4.235222579177626e-6,4.235222579177626e-6
Kyle Anderson,GSW,PHI,25.549999999999997,22.528000000000002,25.599999999999998,3.4761904761904757e-6,3.4761904761904757e-6,3.4761904761904757e-6,1.1587301587301586e-5,1.1587301587301586e-5,1.1587301587301586e-5
Kyle Korver,ATL,NA,15.2,11.398000000000001,15.099999999999998,NA,NA,NA,1.1029478458049886e-5,1.1029478458049886e-5,1.1029478458049886e-5
Kyle Kuzma,BOS,MIL,29.65,27.7,29.699999999999996,1.5015699382153347e-5,1.5015699382153347e-5,1.5015699382153347e-5,1.5015699382153347e-5,1.5015699382153347e-5,1.5015699382153347e-5
Kyle Lowry,PHX,CHI,37.89999999999999,38.99999999999999,39.599999999999994,1.3221698935984647e-6,1.3221698935984647e-6,1.3221698935984647e-6,1.8126382495366769e-6,1.8126382495366769e-6,1.8126382495366769e-6
Kyle O'Quinn,PHX,ORL,18.850000000000005,16.422999999999995,10.55,3.590476190476192e-5,3.590476190476192e-5,3.590476190476192e-5,3.256664933234051e-5,3.256664933234051e-5,3.256664933234051e-5
Kyrie Irving,SAS,MIN,44.5,43.07299999999999,45.4,2.0862879311759395e-6,2.0862879311759395e-6,2.0862879311759395e-6,2.0862879311759395e-6,2.0862879311759395e-6,2.0862879311759395e-6
LaMarcus Aldridge,IND,NA,37.550000000000004,36.335,39.5,NA,NA,NA,1.7641531595019968e-6,1.7641531595019968e-6,1.7641531595019968e-6
Lance Stephenson,NA,NA,NA,NA,15.750000000000002,NA,NA,NA,NA,NA,NA
Lance Thomas,NA,NA,NA,NA,9.849999999999998,NA,NA,NA,NA,NA,NA
Landry Shamet,CLE,DEN,20.750000000000004,17.348,15.449999999999996,2.1957671957671963e-5,2.1957671957671963e-5,2.1957671957671963e-5,1.0400376919684031e-5,1.0400376919684031e-5,1.0400376919684031e-5
Langston Galloway,NA,NA,14.200000000000001,10.415,14.549999999999999,NA,NA,NA,NA,NA,NA
Larry Nance Jr.,UTA,NYK,34.449999999999996,30.713000000000008,31.4,4.593333333333333e-6,4.593333333333333e-6,4.593333333333333e-6,4.7059627074653364e-5,4.7059627074653364e-5,4.7059627074653364e-5
Lauri Markkanen,MIA,HOU,36.55,34.846000000000004,34.79999999999999,6.895705984454003e-6,6.895705984454003e-6,6.895705984454003e-6,6.895705984454003e-6,6.895705984454003e-6,6.895705984454003e-6
LeBron James,LAL,NA,54.4,51.31300000000002,52.849999999999994,NA,NA,NA,2.0606060606060607e-6,2.0606060606060607e-6,2.0606060606060607e-6
Lonnie Walker,UTA,POR,13.499999999999998,10.848,5.7,4.8904538341158055e-6,4.8904538341158055e-6,4.8904538341158055e-6,4.8904538341158055e-6,4.8904538341158055e-6,4.8904538341158055e-6
Lonzo Ball,HOU,LAL,38.900000000000006,28.089000000000002,29.849999999999998,4.461357078304272e-6,4.461357078304272e-6,4.461357078304272e-6,4.461357078304272e-6,4.461357078304272e-6,4.461357078304272e-6
Lorenzo Brown,NA,NA,NA,NA,6.650000000000001,NA,NA,NA,NA,NA,NA
Lou Williams,UTA,CHA,26.849999999999994,30.336000000000006,31.500000000000007,2.5571428571428567e-6,2.5571428571428567e-6,2.5571428571428567e-6,3.3591367581515358e-6,3.3591367581515358e-6,3.3591367581515358e-6
Luc Mbah a Moute,NA,NA,NA,NA,8.399999999999999,NA,NA,NA,NA,NA,NA
Luka Doncic,LAC,GSW,45.89999999999999,47.946,41.24999999999999,5.973948897357405e-6,5.973948897357405e-6,5.973948897357405e-6,5.973948897357405e-6,5.973948897357405e-6,5.973948897357405e-6
Luke Kennard,SAC,PHI,19.749999999999996,20.252000000000002,17.5,5.160484536836713e-6,5.160484536836713e-6,5.160484536836713e-6,5.160484536836713e-6,5.160484536836713e-6,5.160484536836713e-6
Luke Kornet,GSW,NA,12.149999999999999,11.781,16.65,NA,NA,NA,1.157142857142857e-5,1.157142857142857e-5,1.157142857142857e-5
Luol Deng,NA,NA,NA,NA,15.000000000000002,NA,NA,NA,NA,NA,NA
Malachi Richardson,TOR,NA,NA,NA,1.9000000000000001,NA,NA,NA,NA,NA,NA
Malcolm Brogdon,PHI,MIN,33.7,29.133999999999993,28.6,2.284745762711865e-6,2.284745762711865e-6,2.284745762711865e-6,2.5412481525050526e-5,2.5412481525050526e-5,2.5412481525050526e-5
Malcolm Miller,NA,NA,NA,5.338,5.05,NA,NA,NA,NA,NA,NA
Malik Beasley,DEN,PHI,18.299999999999997,16.453,18.299999999999997,6.699090754010119e-6,6.699090754010119e-6,6.699090754010119e-6,6.699090754010119e-6,6.699090754010119e-6,6.699090754010119e-6
Malik Monk,MIL,PHX,23,22.336,14.700000000000001,5.709462814020455e-6,5.709462814020455e-6,5.709462814020455e-6,5.709462814020455e-6,5.709462814020455e-6,5.709462814020455e-6
Marc Gasol,NA,MIL,31.250000000000004,32.892,35.699999999999996,1.4880952380952383e-6,1.4880952380952383e-6,1.4880952380952383e-6,NA,NA,NA
Marcin Gortat,NA,NA,NA,NA,15.899999999999999,NA,NA,NA,NA,NA,NA
Marco Belinelli,CLE,OKC,15.1,11.376000000000001,17.249999999999996,1.3696145124716552e-5,1.3696145124716552e-5,1.3696145124716552e-5,2.7392290249433105e-5,2.7392290249433105e-5,2.7392290249433105e-5
Marcus Derrickson,NA,NA,NA,NA,6.550000000000001,NA,NA,NA,NA,NA,NA
Marcus Morris,NA,NA,18.599999999999998,22.583000000000006,25.95,NA,NA,NA,NA,NA,NA
Marcus Smart,BOS,IND,28.599999999999998,28.596,24.85,3.4047619047619043e-6,3.4047619047619043e-6,3.4047619047619043e-6,2.1790476190476188e-6,2.1790476190476188e-6,2.1790476190476188e-6
Mario Hezonja,MEM,NA,20.049999999999997,17.896,17.3,NA,NA,NA,1.154192655189981e-5,1.154192655189981e-5,1.154192655189981e-5
Markelle Fultz,MIN,MEM,19.050000000000004,12.952999999999998,19.349999999999998,1.9548085211180893e-6,1.9548085211180893e-6,1.9548085211180893e-6,1.9548085211180893e-6,1.9548085211180893e-6,1.9548085211180893e-6
Markieff Morris,NA,NA,18.849999999999998,17.801000000000002,19.650000000000002,NA,NA,NA,NA,NA,NA
Marquese Chriss,NA,POR,NA,NA,10.35,NA,NA,NA,NA,NA,NA
MarShon Brooks,MEM,NA,NA,NA,9.750000000000004,NA,NA,NA,NA,NA,NA
Marvin Bagley III,DEN,NYK,37.1,31.66300000000001,28.099999999999998,4.336077567869548e-6,4.336077567869548e-6,4.336077567869548e-6,4.33055057522785e-6,4.33055057522785e-6,4.33055057522785e-6
Marvin Williams,BOS,CLE,22.2,20.467000000000002,23.949999999999996,4.0272108843537416e-6,4.0272108843537416e-6,4.0272108843537416e-6,8.054421768707483e-6,8.054421768707483e-6,8.054421768707483e-6
Mason Plumlee,CHA,MIL,25.150000000000002,20.222,25.05,3.146453983892408e-6,3.146453983892408e-6,3.146453983892408e-6,4.802482396467359e-6,4.802482396467359e-6,4.802482396467359e-6
Matthew Dellavedova,NA,MIA,16.200000000000003,10.732,14.5,1.0285714285714288e-5,1.0285714285714288e-5,1.0285714285714288e-5,NA,NA,NA
Maurice Harkless,NOP,DET,20.2,18.418,20.250000000000004,1.7548072161842568e-6,1.7548072161842568e-6,1.7548072161842568e-6,1.8321995464852608e-5,1.8321995464852608e-5,1.8321995464852608e-5
Maxi Kleber,IND,CHI,19.300000000000004,22.221999999999998,19.150000000000002,3.501133786848073e-5,3.501133786848073e-5,3.501133786848073e-5,3.676190476190477e-5,3.676190476190477e-5,3.676190476190477e-5
Melvin Frazier,OKC,NA,6.300000000000002,NA,1.75,NA,NA,NA,4.446477119699165e-6,4.446477119699165e-6,4.446477119699165e-6
Meyers Leonard,TOR,BKN,22.900000000000002,21.544,14.25,1.0385487528344672e-5,1.0385487528344672e-5,1.0385487528344672e-5,4.3619047619047625e-5,4.3619047619047625e-5,4.3619047619047625e-5
Michael Beasley,NA,MIA,NA,NA,11.649999999999997,NA,NA,NA,NA,NA,NA
Michael Carter-Williams,NA,SAC,18.549999999999997,13.886000000000001,14.4,6.730158730158729e-6,6.730158730158729e-6,6.730158730158729e-6,NA,NA,NA
Michael Kidd-Gilchrist,NA,WAS,22,19.555999999999997,15.85,6.984126984126984e-6,6.984126984126984e-6,6.984126984126984e-6,NA,NA,NA
Mikal Bridges,NOP,SAC,24.599999999999998,22.173999999999996,21.150000000000006,5.912040374909877e-6,5.912040374909877e-6,5.912040374909877e-6,5.912040374909877e-6,5.912040374909877e-6,5.912040374909877e-6
Mike Conley,NA,LAC,36.300000000000004,35.80200000000001,38.2,1.116523773667036e-6,1.116523773667036e-6,1.116523773667036e-6,NA,NA,NA
Mike Muscala,NA,PHI,17.15,16.085,16.549999999999997,3.266666666666666e-5,3.266666666666666e-5,3.266666666666666e-5,NA,NA,NA
Mike Scott,NA,NA,14.000000000000004,11.036000000000001,13,NA,NA,NA,NA,NA,NA
Miles Bridges,ORL,CHI,29.750000000000007,23.849999999999998,17.75,7.921925760238592e-6,7.921925760238592e-6,7.921925760238592e-6,7.921925760238592e-6,7.921925760238592e-6,7.921925760238592e-6
Miles Plumlee,NA,NA,NA,8.719,9.350000000000003,NA,NA,NA,NA,NA,NA
Milos Teodosic,NA,GSW,NA,NA,8.200000000000003,NA,NA,NA,NA,NA,NA
Mitch Creek,NA,NA,NA,NA,10.400000000000002,NA,NA,NA,NA,NA,NA
Mitchell Robinson,NOP,CLE,35.1,26.398000000000003,25.5,2.2504154613159352e-5,2.2504154613159352e-5,2.2504154613159352e-5,2.2504154613159352e-5,2.2504154613159352e-5,2.2504154613159352e-5
Mohamed Bamba,ORL,CLE,20.599999999999998,18.461000000000002,17.900000000000002,3.610918295085645e-6,3.610918295085645e-6,3.610918295085645e-6,3.6155574276888512e-6,3.6155574276888512e-6,3.6155574276888512e-6
Monte Morris,MIN,CLE,22.549999999999997,19.581,21.6,1.718095238095238e-5,1.718095238095238e-5,1.718095238095238e-5,1.419818653583767e-5,1.419818653583767e-5,1.419818653583767e-5
Montrezl Harrell,PHI,BKN,32.9,29.982000000000014,31.500000000000007,5.222222222222222e-6,5.222222222222222e-6,5.222222222222222e-6,4.177777777777777e-6,4.177777777777777e-6,4.177777777777777e-6
Moritz Wagner,GSW,DAL,21.55,14.430000000000001,8.95,1.0443320151973327e-5,1.0443320151973327e-5,1.0443320151973327e-5,1.0443320151973327e-5,1.0443320151973327e-5,1.0443320151973327e-5
Myles Turner,IND,PHI,35.550000000000004,33.192,32.949999999999996,1.7775000000000001e-6,1.7775000000000001e-6,1.7775000000000001e-6,2.0314285714285717e-6,2.0314285714285717e-6,2.0314285714285717e-6
Naz Mitrou-Long,NA,NA,NA,NA,3.6000000000000005,NA,NA,NA,NA,NA,NA
Nemanja Bjelica,PHX,OKC,17.65,14.635,24.15,2.134542705971277e-5,2.134542705971277e-5,2.134542705971277e-5,7.115142353237591e-6,7.115142353237591e-6,7.115142353237591e-6
Nene Hilario,NA,NA,NA,NA,10.149999999999997,NA,NA,NA,NA,NA,NA
Nerlens Noel,WAS,OKC,20.8,26.041999999999994,16.799999999999997,2.35827664399093e-6,2.35827664399093e-6,2.35827664399093e-6,1.5651232745268363e-6,1.5651232745268363e-6,1.5651232745268363e-6
Nick Young,NA,NA,NA,NA,4.05,NA,NA,NA,NA,NA,NA
Nicolas Batum,NA,MIL,30.3,25.917,25.549999999999997,3.6071428571428573e-6,3.6071428571428573e-6,3.6071428571428573e-6,NA,NA,NA
Nik Stauskas,NA,NA,NA,NA,10.9,NA,NA,NA,NA,NA,NA
Nikola Jokic,MIN,NA,54.949999999999996,51.36000000000001,51.150000000000006,NA,NA,NA,2.1633858267716533e-6,2.1633858267716533e-6,2.1633858267716533e-6
Nikola Mirotic,NA,NA,NA,NA,30.649999999999995,NA,NA,NA,NA,NA,NA
Nikola Vucevic,PHI,NA,47.599999999999994,44.332,47.50000000000001,NA,NA,NA,1.6999999999999998e-6,1.6999999999999998e-6,1.6999999999999998e-6
Noah Vonleh,NA,NA,19.05,18.138,25.449999999999996,NA,NA,NA,NA,NA,NA
Norman Powell,IND,LAC,20.1,19.158,15.55,1.2761904761904762e-5,1.2761904761904762e-5,1.2761904761904762e-5,3.8285714285714286e-5,3.8285714285714286e-5,3.8285714285714286e-5
OG Anunoby,MIN,DEN,21.549999999999997,18.707,14,9.444298360943114e-6,9.444298360943114e-6,9.444298360943114e-6,9.444298360943114e-6,9.444298360943114e-6,9.444298360943114e-6
Okaro White,NA,NA,NA,NA,0.6999999999999998,NA,NA,NA,NA,NA,NA
Omari Spellman,HOU,CHI,13.549999999999999,9.452999999999998,16.3,7.1398461376330485e-6,7.1398461376330485e-6,7.1398461376330485e-6,7.1398461376330485e-6,7.1398461376330485e-6,7.1398461376330485e-6
Omri Casspi,NA,NYK,NA,NA,13.250000000000002,NA,NA,NA,NA,NA,NA
Otto Porter Jr.,OKC,CLE,32.75000000000001,31.782,29.55,2.5992063492063496e-6,2.5992063492063496e-6,2.5992063492063496e-6,1.7473656129118318e-6,1.7473656129118318e-6,1.7473656129118318e-6
PJ Tucker,LAL,ORL,21.799999999999997,20.394000000000005,23.4,8.893512427459739e-6,8.893512427459739e-6,8.893512427459739e-6,4.943310657596371e-6,4.943310657596371e-6,4.943310657596371e-6
Pascal Siakam,POR,PHI,37.60000000000001,34.78700000000001,33.900000000000006,1.598748893950649e-5,1.598748893950649e-5,1.598748893950649e-5,1.598748893950649e-5,1.598748893950649e-5,1.598748893950649e-5
Pat Connaughton,NYK,NA,18.450000000000003,16.613000000000003,18.850000000000005,NA,NA,NA,1.7571428571428575e-5,1.7571428571428575e-5,1.7571428571428575e-5
Patrick Beverley,POR,NA,26.55,26.610999999999997,25.049999999999994,NA,NA,NA,4.013605442176871e-6,4.013605442176871e-6,4.013605442176871e-6
Patrick McCaw,NA,LAC,12.85,8.182,8.3,2.4476190476190475e-5,2.4476190476190475e-5,2.4476190476190475e-5,NA,NA,NA
Patrick Patterson,NA,POR,0,6.776,8.9,0,0,0,NA,NA,NA
Patty Mills,CHA,POR,14.1,13.815,19.349999999999998,1.967556253270539e-6,1.967556253270539e-6,1.967556253270539e-6,2.8420256991685564e-6,2.8420256991685564e-6,2.8420256991685564e-6
Pau Gasol,NA,NA,15.049999999999997,13.368,14.599999999999996,NA,NA,NA,NA,NA,NA
Paul George,PHX,NA,46.94999999999999,43.309,49.8,NA,NA,NA,1.8817635270541077e-6,1.8817635270541077e-6,1.8817635270541077e-6
Paul Millsap,CHA,LAL,29.75,28.254,29.449999999999996,3.063063063063063e-6,3.063063063063063e-6,3.063063063063063e-6,1.619047619047619e-6,1.619047619047619e-6,1.619047619047619e-6
PJ Dozier,NA,NA,NA,NA,9.35,NA,NA,NA,NA,NA,NA
Quincy Acy,NA,NA,NA,NA,7.249999999999998,NA,NA,NA,NA,NA,NA
Quincy Pondexter,NA,NA,NA,NA,4.1499999999999995,NA,NA,NA,NA,NA,NA
Quinn Cook,GSW,DET,15.200000000000003,12.148,12.900000000000002,2.895238095238096e-5,2.895238095238096e-5,2.895238095238096e-5,6.8934240362811805e-6,6.8934240362811805e-6,6.8934240362811805e-6
RJ Hunter,NA,NA,NA,NA,30,NA,NA,NA,NA,NA,NA
Rajon Rondo,BOS,CHI,25.249999999999996,24.59,32.050000000000004,2.4107888769542903e-6,2.4107888769542903e-6,2.4107888769542903e-6,3.4353741496598635e-6,3.4353741496598635e-6,3.4353741496598635e-6
Raul Neto,NA,NA,15.350000000000003,9.432000000000002,12.499999999999998,NA,NA,NA,NA,NA,NA
Rawle Alkins,NA,BKN,NA,NA,8.800000000000002,NA,NA,NA,NA,NA,NA
Ray Spalding,LAL,SAC,NA,0,11.500000000000002,NA,NA,NA,NA,NA,NA
Raymond Felton,NA,NA,NA,NA,9.299999999999999,NA,NA,NA,NA,NA,NA
Reggie Bullock,NA,MEM,12.85,10.554,19.95,3.0595238095238094e-6,3.0595238095238094e-6,3.0595238095238094e-6,NA,NA,NA
Reggie Jackson,NA,DET,25.95,24.024999999999995,26.150000000000002,1.4347355389853583e-6,1.4347355389853583e-6,1.4347355389853583e-6,NA,NA,NA
Richaun Holmes,NA,NA,14.500000000000002,11.147,19.700000000000003,NA,NA,NA,NA,NA,NA
Ricky Rubio,NA,NA,34.3,33.784000000000006,28.949999999999996,NA,NA,NA,NA,NA,NA
Robert Covington,MIA,ORL,30.700000000000003,29.055,30.650000000000006,1.8273809523809527e-6,1.8273809523809527e-6,1.8273809523809527e-6,2.7165211115721235e-6,2.7165211115721235e-6,2.7165211115721235e-6
Robert Williams,ATL,BKN,19.900000000000006,14.124000000000002,10.3,1.0270861720137085e-5,1.0270861720137085e-5,1.0270861720137085e-5,1.0270861720137085e-5,1.0270861720137085e-5,1.0270861720137085e-5
Robin Lopez,PHX,NA,18.049999999999997,16.557000000000002,18.45,NA,NA,NA,3.4380952380952374e-5,3.4380952380952374e-5,3.4380952380952374e-5
Rodions Kurucs,LAL,CLE,22.95,17.145999999999997,16.500000000000004,3.642857142857143e-5,3.642857142857143e-5,3.642857142857143e-5,1.3506069786657062e-5,1.3506069786657062e-5,1.3506069786657062e-5
Rodney Hood,NA,LAC,19.35,19.985999999999994,18.099999999999994,3.0714285714285715e-6,3.0714285714285715e-6,3.0714285714285715e-6,NA,NA,NA
Rodney McGruder,NA,NA,13.35,12.636000000000001,16.4,NA,NA,NA,NA,NA,NA
Ron Baker,NA,NA,NA,NA,4.6,NA,NA,NA,NA,NA,NA
Rondae Hollis-Jefferson,SAS,MIL,21.150000000000002,24.021,19.049999999999994,4.700000000000001e-6,4.700000000000001e-6,4.700000000000001e-6,2.2263157894736843e-6,2.2263157894736843e-6,2.2263157894736843e-6
Royce O'Neale,LAC,NA,17.999999999999996,18.962,14.8,NA,NA,NA,3.2653061224489787e-5,3.2653061224489787e-5,3.2653061224489787e-5
Rudy Gay,NA,NA,28.95,26.259999999999994,29.099999999999994,NA,NA,NA,NA,NA,NA
Rudy Gobert,UTA,MIN,45.85,41.353,43.400000000000006,1.8333820035942285e-6,1.8333820035942285e-6,1.8333820035942285e-6,1.8900648422092661e-6,1.8900648422092661e-6,1.8900648422092661e-6
Russell Westbrook,DET,NA,47.999999999999986,53.866,56.89999999999998,NA,NA,NA,1.3228014454361624e-6,1.3228014454361624e-6,1.3228014454361624e-6
Ryan Anderson,NA,NA,5.65,NA,6.800000000000001,NA,NA,NA,NA,NA,NA
Ryan Arcidiacono,NA,NA,9.75,9.342999999999998,18.049999999999997,NA,NA,NA,NA,NA,NA
Ryan Broekhoff,NA,DET,NA,NA,7.45,NA,NA,NA,NA,NA,NA
Salah Mejri,NA,NA,NA,NA,12.9,NA,NA,NA,NA,NA,NA
Sam Dekker,NA,NA,NA,NA,13.65,NA,NA,NA,NA,NA,NA
Scott Machado,NA,NA,NA,NA,4.8999999999999995,NA,NA,NA,NA,NA,NA
Semi Ojeleye,CHI,UTA,7.6499999999999995,7.009000000000001,6.3999999999999995,4.726540296072955e-6,4.726540296072955e-6,4.726540296072955e-6,4.726540296072955e-6,4.726540296072955e-6,4.726540296072955e-6
Serge Ibaka,BOS,NA,30.35,29.275000000000006,31.1,NA,NA,NA,1.7626069810967806e-6,1.7626069810967806e-6,1.7626069810967806e-6
Seth Curry,NA,NA,20.049999999999997,14.998,13.100000000000001,NA,NA,NA,NA,NA,NA
Shabazz Napier,NA,NA,18.049999999999997,7.449000000000001,17.35,NA,NA,NA,NA,NA,NA
Shai Gilgeous-Alexander,IND,POR,29.400000000000006,28.641,22.35000000000001,7.437539843963451e-6,7.437539843963451e-6,7.437539843963451e-6,7.437539843963451e-6,7.437539843963451e-6,7.437539843963451e-6
Shake Milton,DEN,PHX,9.5,NA,10.099999999999998,1.292517006802721e-5,1.292517006802721e-5,1.292517006802721e-5,4.75e-6,4.75e-6,4.75e-6
Shaquille Harrison,IND,IND,NA,NA,16.45,NA,NA,NA,NA,NA,NA
Shaun Livingston,NA,DEN,NA,NA,11.449999999999998,NA,NA,NA,NA,NA,NA
Shelvin Mack,NA,SAS,NA,NA,16,NA,NA,NA,NA,NA,NA
Sindarius Thornwell,NA,DET,NA,NA,2.8000000000000003,NA,NA,NA,NA,NA,NA
Skal Labissiere,UTA,DAL,13.599999999999998,12.002,7.200000000000002,5.814830982958696e-6,5.814830982958696e-6,5.814830982958696e-6,5.814830982958696e-6,5.814830982958696e-6,5.814830982958696e-6
Solomon Hill,NA,CHA,NA,5.931999999999999,12.25,NA,NA,NA,NA,NA,NA
Spencer Dinwiddie,OKC,NA,26.35,28.257999999999996,27.400000000000002,NA,NA,NA,2.007619047619048e-6,2.007619047619048e-6,2.007619047619048e-6
Stanley Johnson,DEN,NA,18.65,20.211999999999996,14.9,NA,NA,NA,4.1444444444444445e-6,4.1444444444444445e-6,4.1444444444444445e-6
Stephen Curry,GSW,DEN,52.00000000000001,48.33300000000001,47.199999999999996,1.886621315192744e-6,1.886621315192744e-6,1.886621315192744e-6,2.0453316288903096e-6,2.0453316288903096e-6,2.0453316288903096e-6
Sterling Brown,CLE,CHI,14.899999999999999,9.981000000000002,13.95,9.205941230259742e-6,9.205941230259742e-6,9.205941230259742e-6,9.205941230259742e-6,9.205941230259742e-6,9.205941230259742e-6
Steven Adams,MIA,CLE,37.59999999999999,31.301000000000005,34.4,2.5262450659276048e-6,2.5262450659276048e-6,2.5262450659276048e-6,2.623408337694051e-6,2.623408337694051e-6,2.623408337694051e-6
Sviatoslav Mykhailiuk,TOR,SAS,NA,7.260000000000001,5.949999999999999,NA,NA,NA,NA,NA,NA
TJ Leaf,NYK,MIL,11.899999999999999,10.447000000000003,8.400000000000002,4.229938008303475e-6,4.229938008303475e-6,4.229938008303475e-6,4.229938008303475e-6,4.229938008303475e-6,4.229938008303475e-6
TJ McConnell,MIL,NA,17.7,10.953999999999997,17.45,NA,NA,NA,3.057982457201203e-5,3.057982457201203e-5,3.057982457201203e-5
TJ Warren,OKC,NOP,25.45,21.235,28.449999999999996,2.693121693121693e-6,2.693121693121693e-6,2.693121693121693e-6,1.6158730158730158e-6,1.6158730158730158e-6,1.6158730158730158e-6
Tahjere McCall,NA,NA,NA,NA,4,NA,NA,NA,NA,NA,NA
Taj Gibson,NA,ATL,16.900000000000006,13.818000000000003,24.749999999999993,3.606776043750835e-6,3.606776043750835e-6,3.606776043750835e-6,NA,NA,NA
Taurean Prince,OKC,CHA,24.750000000000007,22.756999999999998,23.549999999999994,7.108012496316759e-6,7.108012496316759e-6,7.108012496316759e-6,7.108012496316759e-6,7.108012496316759e-6,7.108012496316759e-6
Terrance Ferguson,BKN,DEN,13.450000000000001,14.658999999999999,12.650000000000002,5.432499676877343e-6,5.432499676877343e-6,5.432499676877343e-6,5.432499676877343e-6,5.432499676877343e-6,5.432499676877343e-6
Terrence Jones,NA,NA,NA,NA,2.25,NA,NA,NA,NA,NA,NA
Terrence Ross,NOP,NA,25.6,21.380000000000003,24.75,NA,NA,NA,4.876190476190476e-5,4.876190476190476e-5,4.876190476190476e-5
Terry Rozier,UTA,OKC,35.35,30.36099999999999,21.6,2.356666666666667e-6,2.356666666666667e-6,2.356666666666667e-6,1.6833333333333335e-6,1.6833333333333335e-6,1.6833333333333335e-6
Thabo Sefolosha,NA,NA,NA,NA,10.45,NA,NA,NA,NA,NA,NA
Thaddeus Young,PHI,NA,26.100000000000005,23.755000000000006,29.35,NA,NA,NA,2.428048142333857e-6,2.428048142333857e-6,2.428048142333857e-6
Theo Pinson,TOR,NA,NA,6.464999999999999,8.999999999999998,NA,NA,NA,NA,NA,NA
Thomas Bryant,DET,BOS,35.69999999999999,34.879000000000005,24.3,3.569999999999999e-6,3.569999999999999e-6,3.569999999999999e-6,2.266666666666666e-5,2.266666666666666e-5,2.266666666666666e-5
Thomas Welsh,NA,NA,NA,NA,2.9999999999999996,NA,NA,NA,NA,NA,NA
Thon Maker,SAC,UTA,10.75,12.368999999999998,12.75,3.011505632355953e-6,3.011505632355953e-6,3.011505632355953e-6,3.011505632355953e-6,3.011505632355953e-6,3.011505632355953e-6
Tim Frazier,NA,NA,15.549999999999997,10.837000000000002,17.8,NA,NA,NA,NA,NA,NA
Tim Hardaway Jr.,IND,BOS,24.750000000000004,22.741,26.150000000000002,2.806122448979592e-6,2.806122448979592e-6,2.806122448979592e-6,1.6628873771730917e-6,1.6628873771730917e-6,1.6628873771730917e-6
Timothe Luwawu-Cabarrot,NA,MEM,NA,NA,8.749999999999998,NA,NA,NA,NA,NA,NA
Tobias Harris,MIA,NA,36.6,35.292,36.150000000000006,NA,NA,NA,2.027700831024931e-6,2.027700831024931e-6,2.027700831024931e-6
Tomas Satoransky,NYK,POR,26.5,21.651999999999997,24.85,4.076923076923077e-6,4.076923076923077e-6,4.076923076923077e-6,3.8827838827838825e-6,3.8827838827838825e-6,3.8827838827838825e-6
Tony Bradley,DEN,DEN,14.299999999999999,6.675000000000001,16.099999999999998,7.287144051040583e-6,7.287144051040583e-6,7.287144051040583e-6,7.287144051040583e-6,7.287144051040583e-6,7.287144051040583e-6
Tony Parker,NA,NA,NA,NA,16.6,NA,NA,NA,NA,NA,NA
Tony Snell,NA,POR,18.55,14.792,12,3.5333333333333336e-5,3.5333333333333336e-5,3.5333333333333336e-5,NA,NA,NA
Torrey Craig,NA,MIL,14.300000000000002,5.854,14.95,2.5941043083900232e-5,2.5941043083900232e-5,2.5941043083900232e-5,NA,NA,NA
Trae Young,PHX,BOS,42.5,42.040000000000006,36.7,6.774203831808473e-6,6.774203831808473e-6,6.774203831808473e-6,6.775067750677507e-6,6.775067750677507e-6,6.775067750677507e-6
Treveon Graham,NA,NA,7.349999999999999,4.91,12.45,NA,NA,NA,NA,NA,NA
Trevon Duval,NA,NA,NA,NA,3.6999999999999997,NA,NA,NA,NA,NA,NA
Trevor Ariza,NA,NA,21.55,21.179,29.25,NA,NA,NA,NA,NA,NA
Trey Burke,CLE,NA,NA,12.171000000000003,18.1,NA,NA,NA,NA,NA,NA
Trey Lyles,SAC,ORL,20.2,12.258000000000001,16.7,4.363598344165642e-6,4.363598344165642e-6,4.363598344165642e-6,3.6727272727272725e-6,3.6727272727272725e-6,3.6727272727272725e-6
Tristan Thompson,OKC,ATL,25.249999999999993,25.251000000000005,30.60000000000001,7.634164777021917e-6,7.634164777021917e-6,7.634164777021917e-6,2.0357772738725114e-6,2.0357772738725114e-6,2.0357772738725114e-6
Troy Brown,NA,SAC,NA,22.427999999999997,11.799999999999999,NA,NA,NA,NA,NA,NA
Troy Caupain,NA,NA,NA,NA,6.6,NA,NA,NA,NA,NA,NA
Troy Daniels,NA,NA,9.000000000000002,9.993,10.399999999999999,NA,NA,NA,NA,NA,NA
Troy Williams,NA,ORL,NA,NA,11.75,NA,NA,NA,NA,NA,NA
Tyler Cavanaugh,NA,NA,NA,NA,2.0500000000000003,NA,NA,NA,NA,NA,NA
Tyler Davis,NA,NA,NA,NA,1.5,NA,NA,NA,NA,NA,NA
Tyler Dorsey,GSW,GSW,NA,NA,11.4,NA,NA,NA,NA,NA,NA
Tyler Johnson,ORL,NA,18.8,16.102999999999998,22,NA,NA,NA,5.968253968253968e-6,5.968253968253968e-6,5.968253968253968e-6
Tyler Lydon,DEN,BKN,NA,NA,2.5,NA,NA,NA,NA,NA,NA
Tyler Ulis,HOU,NA,NA,NA,0,NA,NA,NA,NA,NA,NA
Tyler Zeller,NA,NA,NA,NA,15.2,NA,NA,NA,NA,NA,NA
Tyreke Evans,MEM,NA,NA,NA,18.2,NA,NA,NA,NA,NA,NA
Tyrone Wallace,NA,MIA,NA,7.264999999999999,6.549999999999999,NA,NA,NA,NA,NA,NA
Tyson Chandler,NA,NA,NA,12.361,13.9,NA,NA,NA,NA,NA,NA
Tyus Jones,IND,NOP,22.85,21.742,20.6,5.077777777777778e-6,5.077777777777778e-6,5.077777777777778e-6,3.046666666666667e-6,3.046666666666667e-6,3.046666666666667e-6
Udonis Haslem,NA,NA,NA,5.492,5.6,NA,NA,NA,NA,NA,NA
Victor Oladipo,WAS,IND,38.449999999999996,36.95,37.00000000000001,1.8309523809523807e-6,1.8309523809523807e-6,1.8309523809523807e-6,2.428615904320239e-6,2.428615904320239e-6,2.428615904320239e-6
Vince Carter,NA,NA,NA,NA,14.950000000000001,NA,NA,NA,NA,NA,NA
Vince Edwards,NA,NA,NA,NA,3,NA,NA,NA,NA,NA,NA
Wade Baldwin,NA,NA,NA,NA,3.6499999999999995,NA,NA,NA,NA,NA,NA
Walt Lemon Jr.,NA,NA,NA,NA,30.399999999999988,NA,NA,NA,NA,NA,NA
Wayne Ellington,NA,GSW,11.05,10.703999999999999,18.2,2.3386243386243386e-6,2.3386243386243386e-6,2.3386243386243386e-6,NA,NA,NA
Wayne Selden,SAS,NA,NA,NA,12.65,NA,NA,NA,NA,NA,NA
Wendell Carter Jr.,POR,DET,31.65,29.108,26.100000000000005,6.084900219171761e-6,6.084900219171761e-6,6.084900219171761e-6,6.084900219171761e-6,6.084900219171761e-6,6.084900219171761e-6
Wesley Iwundu,DEN,SAC,8.1,9.02,11.6,5.004572078194894e-6,5.004572078194894e-6,5.004572078194894e-6,5.004572078194894e-6,5.004572078194894e-6,5.004572078194894e-6
Wesley Johnson,NA,NA,NA,NA,8.250000000000002,NA,NA,NA,NA,NA,NA
Wesley Matthews,BKN,OKC,22.299999999999997,16.753,20.649999999999995,2.609904176724453e-6,2.609904176724453e-6,2.609904176724453e-6,2.1238095238095234e-5,2.1238095238095234e-5,2.1238095238095234e-5
Will Barton,ORL,MEM,24.699999999999996,24.601,23.300000000000004,1.680272108843537e-6,1.680272108843537e-6,1.680272108843537e-6,1.4476190476190473e-6,1.4476190476190473e-6,1.4476190476190473e-6
Willie Cauley-Stein,CHA,MIN,28.7,26.469999999999995,30.35,1.9133333333333334e-6,1.9133333333333334e-6,1.9133333333333334e-6,1.9133333333333334e-6,1.9133333333333334e-6,1.9133333333333334e-6
Willy Hernangomez,HOU,MIN,20.799999999999997,18.465999999999998,17,1.3356879113822441e-5,1.3356879113822441e-5,1.3356879113822441e-5,1.3574808288464674e-5,1.3574808288464674e-5,1.3574808288464674e-5
Wilson Chandler,NA,UTA,15.350000000000003,13.952000000000002,16.8,2.436507936507937e-6,2.436507936507937e-6,2.436507936507937e-6,NA,NA,NA
Yante Maten,NA,NA,NA,4.809,4,NA,NA,NA,NA,NA,NA
Yogi Ferrell,NA,MIL,10.7,9.793,12.4,3.396825396825397e-6,3.396825396825397e-6,3.396825396825397e-6,NA,NA,NA
Yuta Watanabe,GSW,NA,NA,NA,6.199999999999999,NA,NA,NA,NA,NA,NA
Zach Collins,PHX,ORL,28.3,24.454,16.149999999999995,6.674213480496203e-6,6.674213480496203e-6,6.674213480496203e-6,6.674213480496203e-6,6.674213480496203e-6,6.674213480496203e-6
Zach LaVine,IND,HOU,36.650000000000006,34.794999999999995,36.1,2.6849816849816855e-6,2.6849816849816855e-6,2.6849816849816855e-6,2.5926253426474493e-6,2.5926253426474493e-6,2.5926253426474493e-6
Zach Lofton,NA,NA,NA,NA,1,NA,NA,NA,NA,NA,NA
Zaza Pachulia,NYK,SAS,NA,NA,13.149999999999999,NA,NA,NA,NA,NA,NA
Zhaire Smith,LAL,BKN,14.600000000000001,14.953,13.15,4.773113639335688e-6,4.773113639335688e-6,4.773113639335688e-6,4.773113639335688e-6,4.773113639335688e-6,4.773113639335688e-6
Zhou Qi,NA,NA,NA,NA,2,NA,NA,NA,NA,NA,NA
Zion Williamson,NA,CHI,37.050000000000004,41.224000000000004,NA,3.7971025186934282e-6,3.7971025186934282e-6,3.7971025186934282e-6,NA,NA,NA
Ja Morant,NA,NA,36.49999999999999,29.56300000000001,NA,NA,NA,NA,NA,NA,NA
RJ Barrett,NA,NA,29.75,24.689,NA,NA,NA,NA,NA,NA,NA
De'Andre Hunter,NA,NA,24.450000000000003,21.234,NA,NA,NA,NA,NA,NA,NA
Darius Garland,MIN,NA,24.900000000000002,21.424,NA,NA,NA,NA,3.890065803040813e-6,3.890065803040813e-6,3.890065803040813e-6
Jarrett Culver,NA,CHI,27.149999999999995,26.261,NA,4.670051809193551e-6,4.670051809193551e-6,4.670051809193551e-6,NA,NA,NA
Coby White,NA,CHI,22.8,13.609,NA,4.2961154072265186e-6,4.2961154072265186e-6,4.2961154072265186e-6,NA,NA,NA
Jaxson Hayes,NA,DET,15.65,14.013,NA,3.2188135021513606e-6,3.2188135021513606e-6,3.2188135021513606e-6,NA,NA,NA
Rui Hachimura,NA,NA,23.9,21.6,NA,NA,NA,NA,NA,NA,NA
Cam Reddish,NA,WAS,18.5,15.957999999999997,NA,4.35732926335227e-6,4.35732926335227e-6,4.35732926335227e-6,NA,NA,NA
Chuma Okeke,MIN,NA,10.700000000000003,0,NA,NA,NA,NA,3.428300460097147e-6,3.428300460097147e-6,3.428300460097147e-6
Goga Bitadze,MIN,SAC,22.1,16.284000000000006,NA,7.845893863871967e-6,7.845893863871967e-6,7.845893863871967e-6,7.845893863871967e-6,7.845893863871967e-6,7.845893863871967e-6
Brandon Clarke,NA,SAC,25.150000000000002,19.183999999999997,NA,1.0145874683319618e-5,1.0145874683319618e-5,1.0145874683319618e-5,NA,NA,NA
Grant Williams,NA,WAS,17.499999999999996,11.064000000000002,NA,7.353435525077314e-6,7.353435525077314e-6,7.353435525077314e-6,NA,NA,NA
Dylan Windler,NA,WAS,17.950000000000003,13.946000000000002,NA,8.81717261027606e-6,8.81717261027606e-6,8.81717261027606e-6,NA,NA,NA
Nicolas Claxton,MIN,CHI,10.55,7.297999999999999,NA,1.055e-5,1.055e-5,1.055e-5,1.1744275361512173e-5,1.1744275361512173e-5,1.1744275361512173e-5
Bruno Fernando,NA,SAC,18.65,8.275,NA,1.3321428571428571e-5,1.3321428571428571e-5,1.3321428571428571e-5,NA,NA,NA
Daniel Gafford,MIN,NA,10.299999999999999,5.2540000000000004,NA,NA,NA,NA,1.1465974997495295e-5,1.1465974997495295e-5,1.1465974997495295e-5
Kristaps Porzingis,GSW,IND,35.65,36.131,NA,1.3065787062488546e-6,1.3065787062488546e-6,1.3065787062488546e-6,1.927027027027027e-6,1.927027027027027e-6,1.927027027027027e-6
Dejounte Murray,LAL,CLE,29.85,32.885999999999996,NA,1.7802455367127184e-5,1.7802455367127184e-5,1.7802455367127184e-5,1.2856764445554726e-5,1.2856764445554726e-5,1.2856764445554726e-5
Matisse Thybulle,NA,NA,13.149999999999999,14.448,NA,NA,NA,NA,NA,NA,NA
Tyler Herro,NA,SAC,19.500000000000004,14.497000000000005,NA,5.35684852480633e-6,5.35684852480633e-6,5.35684852480633e-6,NA,NA,NA
Cameron Johnson,NA,IND,15.700000000000003,14.108,NA,3.892459042405491e-6,3.892459042405491e-6,3.892459042405491e-6,NA,NA,NA
PJ Washington,NA,NA,17.9,15.651,NA,NA,NA,NA,NA,NA,NA
Nickeil Alexander-Walker,NA,NA,13.15,12.97,NA,NA,NA,NA,NA,NA,NA
Sekou Doumbouya,NA,IND,11.200000000000001,11.08,NA,3.4093122930060395e-6,3.4093122930060395e-6,3.4093122930060395e-6,NA,NA,NA
Romeo Langford,NA,NA,13.150000000000002,12.225,NA,NA,NA,NA,NA,NA,NA
Darius Bazley,NA,MEM,8.350000000000003,12.029999999999998,NA,9.277777777777782e-6,9.277777777777782e-6,9.277777777777782e-6,NA,NA,NA
Denzel Valentine,DEN,CLE,20.499999999999993,13.347000000000003,NA,6.06945409553439e-6,6.06945409553439e-6,6.06945409553439e-6,6.06945409553439e-6,6.06945409553439e-6,6.06945409553439e-6
Michael Porter Jr.,SAC,SAC,13.700000000000001,13.778999999999998,NA,4.042013335693634e-6,4.042013335693634e-6,4.042013335693634e-6,4.042013335693634e-6,4.042013335693634e-6,4.042013335693634e-6
Nassir Little,NA,NA,15.299999999999999,10.297000000000002,NA,NA,NA,NA,NA,NA,NA
Kevin Porter,NA,NA,NA,10.552999999999999,NA,NA,NA,NA,NA,NA,NA
Jordan Poole,NA,LAC,7.550000000000001,9.553999999999998,NA,8.38888888888889e-6,8.38888888888889e-6,8.38888888888889e-6,NA,NA,NA
Admiral Schofield,NA,DAL,9.4,9.792000000000002,NA,9.4e-6,9.4e-6,9.4e-6,NA,NA,NA
Carsen Edwards,NA,NA,13.35,8.742999999999999,NA,NA,NA,NA,NA,NA,NA
Eric Paschall,NA,NA,NA,8.659,NA,NA,NA,NA,NA,NA,NA
Cristiano Felicio,NA,NA,10.4,9.190999999999999,NA,NA,NA,NA,NA,NA,NA
Andre Roberson,NA,MEM,19.299999999999997,13.413,NA,3.6761904761904755e-6,3.6761904761904755e-6,3.6761904761904755e-6,NA,NA,NA
Kezie Okpala,NA,NA,NA,6.715000000000002,NA,NA,NA,NA,NA,NA,NA
Terence Davis,NA,NA,NA,6.643,NA,NA,NA,NA,NA,NA,NA
Luka Samanic,NA,DAL,10.099999999999998,7.563999999999998,NA,3.7547585058291688e-6,3.7547585058291688e-6,3.7547585058291688e-6,NA,NA,NA
Naz Reid,NA,DEN,NA,6.037000000000001,NA,NA,NA,NA,NA,NA,NA
Bol Bol,NA,NA,11.35,6.575999999999999,NA,NA,NA,NA,NA,NA,NA
Talen Horton-Tucker,NA,CHI,NA,5.842999999999999,NA,NA,NA,NA,NA,NA,NA
Tacko Fall,NA,NA,NA,5.426000000000001,NA,NA,NA,NA,NA,NA,NA
Troy Brown Jr.,CHI,NA,26.450000000000003,NA,NA,NA,NA,NA,8.215612459154896e-6,8.215612459154896e-6,8.215612459154896e-6
Derrick Jones Jr.,CHI,MIN,18.8,NA,NA,1.1212266696884124e-5,1.1212266696884124e-5,1.1212266696884124e-5,3.5809523809523814e-5,3.5809523809523814e-5,3.5809523809523814e-5
James Ennis III,NA,NA,15.799999999999997,NA,NA,NA,NA,NA,NA,NA,NA
Keldon Johnson,NA,IND,11.400000000000002,NA,NA,1.2666666666666668e-5,1.2666666666666668e-5,1.2666666666666668e-5,NA,NA,NA
Kevin Porter Jr.,NA,IND,11.749999999999998,NA,NA,9.101753733655573e-6,9.101753733655573e-6,9.101753733655573e-6,NA,NA,NA
Justin Wright-Foreman,NA,NA,9,NA,NA,NA,NA,NA,NA,NA,NA
Ignas Brazdeikis,NA,DAL,8.85,NA,NA,9.851832886197415e-6,9.851832886197415e-6,9.851832886197415e-6,NA,NA,NA
Ty Jerome,NA,IND,8.949999999999998,NA,NA,4.080274267374217e-6,4.080274267374217e-6,4.080274267374217e-6,NA,NA,NA
KZ Okpala,NA,WAS,8.049999999999999,NA,NA,1.0062499999999999e-5,1.0062499999999999e-5,1.0062499999999999e-5,NA,NA,NA
Vincent Poirier,NA,NA,NA,NA,NA,NA,NA,NA,NA,NA,NA
Cody Martin,NA,NA,NA,NA,NA,NA,NA,NA,NA,NA,NA
Levi Randolph,NA,NA,NA,NA,NA,NA,NA,NA,NA,NA,NA
Dakota Mathias,NA,NA,NA,NA,NA,NA,NA,NA,NA,NA,NA
Isaiah Roby,NA,LAC,NA,NA,NA,NA,NA,NA,NA,NA,NA
Jose Barea,NA,NA,NA,NA,NA,NA,NA,NA,NA,NA,NA
Josh Reaves,NA,NA,NA,NA,NA,NA,NA,NA,NA,NA,NA
Vlatko Cancar,NA,NA,NA,NA,NA,NA,NA,NA,NA,NA,NA
Donta Hall,NA,NA,NA,NA,NA,NA,NA,NA,NA,NA,NA
Alen Smailagic,NA,CHI,NA,NA,NA,NA,NA,NA,NA,NA,NA
Roy Devyn Marble,NA,NA,NA,NA,NA,NA,NA,NA,NA,NA,NA
Anthony Bennett,NA,NA,NA,NA,NA,NA,NA,NA,NA,NA,NA
Chris Clemons,NA,NA,NA,NA,NA,NA,NA,NA,NA,NA,NA
Michael Frazier,NA,NA,NA,NA,NA,NA,NA,NA,NA,NA,NA
Shamorie Ponds,NA,NA,NA,NA,NA,NA,NA,NA,NA,NA,NA
William McDowell-White,NA,NA,NA,NA,NA,NA,NA,NA,NA,NA,NA
CJ Wilcox,NA,NA,NA,NA,NA,NA,NA,NA,NA,NA,NA
Jakeenan Gant,NA,NA,NA,NA,NA,NA,NA,NA,NA,NA,NA
Derrick Walton Jr.,NA,NA,NA,NA,NA,NA,NA,NA,NA,NA,NA
Mfiondu Kabengele,NA,NA,NA,NA,NA,NA,NA,NA,NA,NA,NA
Terance Mann,NA,NA,NA,NA,NA,NA,NA,NA,NA,NA,NA
Aric Holman,NA,NA,NA,NA,NA,NA,NA,NA,NA,NA,NA
Marko Guduric,NA,NA,NA,NA,NA,NA,NA,NA,NA,NA,NA
Kendrick Nunn,NA,NA,NA,NA,NA,NA,NA,NA,NA,NA,NA
Luke Maye,NA,NA,NA,NA,NA,NA,NA,NA,NA,NA,NA
Thanasis Antetokounmpo,NA,NA,NA,NA,NA,NA,NA,NA,NA,NA,NA
Nicolo Melli,NA,NA,NA,NA,NA,NA,NA,NA,NA,NA,NA
Kenny Wooten,NA,NA,NA,NA,NA,NA,NA,NA,NA,NA,NA
DaQuan Jeffries,NA,NA,NA,NA,NA,NA,NA,NA,NA,NA,NA
Hassani Gravett,NA,NA,NA,NA,NA,NA,NA,NA,NA,NA,NA
Vic Law,NA,NA,NA,NA,NA,NA,NA,NA,NA,NA,NA
David Kramer,NA,NA,NA,NA,NA,NA,NA,NA,NA,NA,NA
Jalen Lecque,NA,NA,NA,NA,NA,NA,NA,NA,NA,NA,NA
Tariq Owens,NA,NA,NA,NA,NA,NA,NA,NA,NA,NA,NA
Isaiah Pineiro,NA,NA,NA,NA,NA,NA,NA,NA,NA,NA,NA
Justin James,NA,NA,NA,NA,NA,NA,NA,NA,NA,NA,NA
Dedric Lawson,NA,NA,NA,NA,NA,NA,NA,NA,NA,NA,NA
Dewan Hernandez,NA,MIN,NA,NA,NA,NA,NA,NA,NA,NA,NA
Nando De Colo,NA,NA,NA,NA,NA,NA,NA,NA,NA,NA,NA
Oshae Brissett,NA,NA,NA,NA,NA,NA,NA,NA,NA,NA,NA
Sagaba Konate,NA,NA,NA,NA,NA,NA,NA,NA,NA,NA,NA
Juwan Morgan,NA,NA,NA,NA,NA,NA,NA,NA,NA,NA,NA
Miye Oni,NA,ATL,NA,NA,NA,NA,NA,NA,NA,NA,NA
Nigel Williams-Goss,SAS,NA,NA,NA,NA,NA,NA,NA,NA,NA,NA
Stanton Kidd,NA,NA,NA,NA,NA,NA,NA,NA,NA,NA,NA
William Howard,NA,NA,NA,NA,NA,NA,NA,NA,NA,NA,NA
Ishmael Smith,NA,NA,NA,NA,NA,NA,NA,NA,NA,NA,NA
Justin Robinson,NA,NA,NA,NA,NA,NA,NA,NA,NA,NA,NA
Mindaugas Kuzminskas,ATL,NA,NA,NA,NA,NA,NA,NA,NA,NA,NA
Cam Oliver,ATL,NA,NA,NA,NA,NA,NA,NA,NA,NA,NA
Arnoldas Kulboka,BKN,CHI,NA,NA,NA,NA,NA,NA,NA,NA,NA
Kevin Hervey,BOS,NA,NA,NA,NA,NA,NA,NA,NA,NA,NA
Tryggvi Hlinason,DAL,NA,NA,NA,NA,NA,NA,NA,NA,NA,NA
Vincent Edwards,DAL,NA,NA,NA,NA,NA,NA,NA,NA,NA,NA
Isiah Briscoe,DEN,NA,NA,NA,NA,NA,NA,NA,NA,NA,NA
Devon Hall,DEN,ATL,NA,NA,NA,NA,NA,NA,NA,NA,NA
Trevon Bluiett,GSW,NA,NA,NA,NA,NA,NA,NA,NA,NA,NA
Issuf Sanon,LAC,BOS,NA,NA,NA,NA,NA,NA,NA,NA,NA
Juan Pablo Vaulet,LAC,NA,NA,NA,NA,NA,NA,NA,NA,NA,NA
Nikola Mulitnov,LAC,NA,NA,NA,NA,NA,NA,NA,NA,NA,NA
Cady Lalanne,LAL,SAC,NA,NA,NA,NA,NA,NA,NA,NA,NA
Mike James,OKC,NA,NA,NA,NA,NA,NA,NA,NA,NA,NA
Oliver Hanlan,PHI,NA,NA,NA,NA,NA,NA,NA,NA,NA,NA
Arturas Gudaitis,PHX,NA,NA,NA,NA,NA,NA,NA,NA,NA,NA
Anzejs Pasecniks,SAS,NA,NA,NA,NA,NA,NA,NA,NA,NA,NA
Gary Payton II,TOR,NA,NA,NA,NA,NA,NA,NA,NA,NA,NA
Timothe Luwawu-Cabarrott,TOR,NA,NA,NA,NA,NA,NA,NA,NA,NA,NA
Mathias Lessort,TOR,WAS,NA,NA,NA,NA,NA,NA,NA,NA,NA
Isaia Cordinier,WAS,LAL,NA,NA,NA,NA,NA,NA,NA,NA,NA
Aleksandar Vezenkov,NA,ATL,NA,NA,NA,NA,NA,NA,NA,NA,NA
Olivier Hanlan,NA,ATL,NA,NA,NA,NA,NA,NA,NA,NA,NA
Chinemelu Elonu,NA,ATL,NA,NA,NA,NA,NA,NA,NA,NA,NA
Terrance Mann,NA,ATL,NA,NA,NA,NA,NA,NA,NA,NA,NA
Alessandro Gentile,NA,CHA,NA,NA,NA,NA,NA,NA,NA,NA,NA
Ognejen Jaramaz,NA,CHA,NA,NA,NA,NA,NA,NA,NA,NA,NA
Sergio Llull,NA,CHI,NA,NA,NA,NA,NA,NA,NA,NA,NA
Deividas Sirvydis,NA,CHI,NA,NA,NA,NA,NA,NA,NA,NA,NA
Didi Louzada,NA,CLE,NA,NA,NA,NA,NA,NA,NA,NA,NA
Petr Cornelie,NA,DEN,NA,NA,NA,NA,NA,NA,NA,NA,NA
Nikola Radicevic,NA,DEN,NA,NA,NA,NA,NA,NA,NA,NA,NA
Luguentz Dort,NA,DEN,NA,NA,NA,NA,NA,NA,NA,NA,NA
Wayne Selden Jr.,NA,HOU,NA,NA,NA,NA,NA,NA,NA,NA,NA
Daniel Diez,NA,LAC,NA,NA,NA,NA,NA,NA,NA,NA,NA
Dimitrios Agravanis,NA,LAC,NA,NA,NA,NA,NA,NA,NA,NA,NA
Marcus Eriksson,NA,LAC,NA,NA,NA,NA,NA,NA,NA,NA,NA
Anzejs Pasec≈Üiks,NA,LAC,NA,NA,NA,NA,NA,NA,NA,NA,NA
Kyle Alexander,NA,LAC,NA,NA,NA,NA,NA,NA,NA,NA,NA
Jordan Bone,NA,LAC,NA,NA,NA,NA,NA,NA,NA,NA,NA
Nikola Milutinov,NA,LAL,NA,NA,NA,NA,NA,NA,NA,NA,NA
Royce O'Neal,NA,MIN,NA,NA,NA,NA,NA,NA,NA,NA,NA
Alpha Kaba,NA,OKC,NA,NA,NA,NA,NA,NA,NA,NA,NA
Vasilje Micic,NA,PHI,NA,NA,NA,NA,NA,NA,NA,NA,NA
DeVon Hardin,NA,TOR,NA,NA,NA,NA,NA,NA,NA,NA,NA
Sergio Rodriguez,NA,TOR,NA,NA,NA,NA,NA,NA,NA,NA,NA
Ryan Kelly,NA,TOR,NA,NA,NA,NA,NA,NA,NA,NA,NA
Kyle Guy,NA,TOR,NA,NA,NA,NA,NA,NA,NA,NA,NA
Nemanja Dangubic,NA,WAS,NA,NA,NA,NA,NA,NA,NA,NA,NA
Robert Williams III,NA,NA,NA,NA,NA,NA,NA,NA,NA,NA,NA
Mo Bamba,NA,NA,NA,NA,NA,NA,NA,NA,NA,NA,NA
Bruce Brown,NA,NA,NA,NA,NA,NA,NA,NA,NA,NA,NA
Danuel House Jr.,NA,NA,NA,NA,NA,NA,NA,NA,NA,NA,NA
Lonnie Walker IV,NA,NA,NA,NA,NA,NA,NA,NA,NA,NA,NA
